1.7029862642390363e-15,0.0013258130822861197
1.7031565628654603e-11,0.00132581308207987
1.0034784379243553e-10,0.0013258130810815945
1.8366412195621645e-10,0.0013258130800976834
2.669804001199974e-10,0.0013258130791293334
4.0836887242092717e-10,0.001325813077522794
6.485113877175304e-10,0.0013258130749005833
1.0620725744026497e-09,0.0013258130706991934
1.77961527486555e-09,0.0013258130643539964
3.0488293710639127e-09,0.0013258130560644744
5.578628594279592e-09,0.0013258130507222802
8.10842781749527e-09,0.0013258130602669745
1.0638227040710948e-08,0.001325813084693705
1.4778773479604107e-08,0.0013258131567714351
1.8919319918497264e-08,0.0013258132686802134
2.305986635739042e-08,0.001325813420396959
2.7200412796283578e-08,0.001325813611898045
3.556189555667259e-08,0.0013258141198152944
4.3923378317061595e-08,0.001325814789690258
6.813441032554846e-08,0.0013258176410339342
9.234544233403532e-08,0.0013258218441305908
1.1655647434252218e-07,0.0013258273944294907
1.4076750635100904e-07,0.0013258342874077555
1.649785383594959e-07,0.0013258425185721904
2.0256917528102543e-07,0.0013258579397796533
2.4015981220255497e-07,0.0013258765594452494
2.777504491240845e-07,0.001325898361030858
3.1534108604561403e-07,0.0013259233281088688
3.843052340211992e-07,0.0013259773097284266
4.532693819967844e-07,0.0013260417911498585
5.222335299723696e-07,0.0013261166738689136
5.911976779479548e-07,0.001326201860606907
6.6016182592354e-07,0.0013262972552808788
7.291259738991252e-07,0.0013264027629761705
7.980901218747104e-07,0.00132651828992176
8.670542698502956e-07,0.001326643743466538
9.77217348265011e-07,0.0013268645082187944
1.0873804266797265e-06,0.0013271100016060745
1.1975435050944418e-06,0.0013273798628458116
1.307706583509157e-06,0.0013276737376559506
1.4178696619238724e-06,0.0013279912780131233
1.5280327403385876e-06,0.0013283321419474633
1.638195818753303e-06,0.0013286959933452474
1.7483588971680182e-06,0.0013290825017420098
1.8585219755827335e-06,0.0013294913421149183
2.0594449053099656e-06,0.0013302934757598182
2.2603678350371978e-06,0.0013311669388292409
2.46129076476443e-06,0.0013321098864573224
2.662213694491662e-06,0.0013331205229597887
2.863136624218894e-06,0.0013341970987937237
3.0640595539461262e-06,0.001335337907681477
3.2649824836733583e-06,0.0013365412839209136
3.4659054134005904e-06,0.001337805599923582
3.6668283431278226e-06,0.0013391292639741152
3.867751272855054e-06,0.00134051071817644
4.068674202582286e-06,0.0013419484365656646
4.269597132309518e-06,0.001343440923384236
4.470520062036749e-06,0.0013449867115226516
4.671442991763981e-06,0.0013465843611157448
4.872365921491213e-06,0.0013482324582807653
5.073288851218444e-06,0.0013499296139861314
5.274211780945676e-06,0.0013516744630433872
5.475134710672908e-06,0.0013534656632152393
5.6760576404001395e-06,0.0013553018944310652
5.876980570127371e-06,0.0013571818581006743
6.077903499854603e-06,0.001359104276517428
6.2788264295818345e-06,0.0013610678923446922
6.479749359309066e-06,0.0013630714681764572
6.680672289036298e-06,0.00136511378616506
6.88159521876353e-06,0.0013671936477096284
7.082518148490761e-06,0.0013693098731987028
7.283441078217993e-06,0.0013714613018004438
7.484364007945225e-06,0.0013736467912943337
7.685286937672456e-06,0.0013758652179388605
7.886209867399689e-06,0.00137811547637007
8.087132797126921e-06,0.001380396479526106
8.288055726854154e-06,0.0013827071585931516
8.488978656581387e-06,0.0013850464629685498
8.689901586308619e-06,0.0013874133602372702
8.890824516035852e-06,0.0013898068361582186
9.091747445763084e-06,0.0013922258946571806
9.292670375490317e-06,0.0013946695578235062
9.49359330521755e-06,0.0013971368659079302
9.694516234944782e-06,0.0013996268773192183
9.895439164672014e-06,0.0014021386686176118
1.0096362094399247e-05,0.0014046713345032841
1.029728502412648e-05,0.001407223987798271
1.0498207953853712e-05,0.0014097957594205654
1.0699130883580944e-05,0.001412385798349285
1.0900053813308177e-05,0.0014149932715800079
1.110097674303541e-05,0.001417617364069571
1.1301899672762642e-05,0.0014202572786697887
1.1502822602489875e-05,0.0014229122360496973
1.1703745532217107e-05,0.0014255814746060812
1.190466846194434e-05,0.0014282642503621649
1.2105591391671572e-05,0.0014309598368544636
1.2306514321398805e-05,0.001433667525007892
1.2507437251126037e-05,0.0014363866229993186
1.270836018085327e-05,0.0014391164561098377
1.2909283110580502e-05,0.0014418563665660957
1.3216624592108433e-05,0.0014460655097070342
1.3523966073636364e-05,0.001450294517282238
1.3831307555164294e-05,0.001454541259260352
1.4138649036692225e-05,0.0014588036931514224
1.4445990518220156e-05,0.0014630798621762086
1.4753331999748086e-05,0.001467367893361729
1.5060673481276017e-05,0.001471665995566174
1.5368014962803948e-05,0.0014759724574304606
1.567535644433188e-05,0.0014802856452667337
1.5982697925859812e-05,0.0014846040009019144
1.6290039407387745e-05,0.0014889260394905415
1.6597380888915677e-05,0.0014932503473048522
1.690472237044361e-05,0.001497575579508713
1.7212063851971542e-05,0.0015019004579239408
1.7519405333499474e-05,0.0015062237687984408
1.7826746815027407e-05,0.0015105443605842339
1.813408829655534e-05,0.0015148611417317203
1.844142977808327e-05,0.0015191730785057381
1.8748771259611204e-05,0.0015234791928288205
1.9056112741139136e-05,0.0015277785601567062
1.936345422266707e-05,0.0015320703073906678
1.9670795704195e-05,0.0015363536108294162
1.9978137185722933e-05,0.0015406276941646083
2.0285478667250866e-05,0.0015448918265224788
2.0592820148778798e-05,0.0015491453205534547
2.090016163030673e-05,0.0015533875305714863
2.1207503111834663e-05,0.0015576178507446573
2.1514844593362595e-05,0.0015618357133381892
2.1822186074890527e-05,0.0015660405870105351
2.212952755641846e-05,0.0015702319751629335
2.2436869037946392e-05,0.0015744094143425977
2.2744210519474324e-05,0.0015785724726995285
2.3051552001002257e-05,0.0015827207484967111
2.335889348253019e-05,0.0015868538686732599
2.366623496405812e-05,0.0015909714874599175
2.3973576445586054e-05,0.0015950732850461883
2.4280917927113986e-05,0.0015991589662982617
2.458825940864192e-05,0.0016032282595267943
2.489560089016985e-05,0.0016072809153035259
2.5202942371697783e-05,0.0016113167053256217
2.5510283853225716e-05,0.001615335421326594
2.5817625334753648e-05,0.0016193368740325999
2.628868844606717e-05,0.0016254360180485935
2.675975155738069e-05,0.001631493669568964
2.723081466869421e-05,0.0016375093748303268
2.7701877780007732e-05,0.001643482759331428
2.8172940891321253e-05,0.0016494135212468536
2.8644004002634774e-05,0.0016553014252275228
2.9115067113948295e-05,0.0016611462966050056
2.9586130225261816e-05,0.0016669480160382772
3.0057193336575336e-05,0.0016727065145796488
3.052825644788886e-05,0.0016784217691032189
3.099931955920238e-05,0.0016840937980589486
3.14703826705159e-05,0.001689722657541996
3.1941445781829424e-05,0.0016953084376687985
3.2412508893142945e-05,0.0017008512592395708
3.2883572004456465e-05,0.001706351270662055
3.3354635115769986e-05,0.0017118086451164871
3.382569822708351e-05,0.0017172235779473527
3.429676133839703e-05,0.0017225962842682115
3.476782444971055e-05,0.0017279269967642823
3.523888756102407e-05,0.0017332159636774126
3.570995067233759e-05,0.0017384634469598487
3.618101378365111e-05,0.0017436697205848435
3.665207689496463e-05,0.00174883506900283
3.7123140006278154e-05,0.0017539597857321192
3.7594203117591675e-05,0.0017590441720736884
3.8065266228905196e-05,0.0017640885359404748
3.8536329340218717e-05,0.0017690931907923886
3.900739245153224e-05,0.0017740584546688362
3.947845556284576e-05,0.0017789846493110094
3.994951867415928e-05,0.001783872099366744
4.04205817854728e-05,0.0017887211316712753
4.089164489678632e-05,0.0017935320745977512
4.136270800809984e-05,0.0017983052574717792
4.183377111941336e-05,0.0018030410100447025
4.2304834230726884e-05,0.0018077396620206942
4.2775897342040405e-05,0.0018124015426331237
4.3246960453353926e-05,0.0018170269802660123
4.371802356466745e-05,0.0018216163021167022
4.4431947153553764e-05,0.0018285035686001617
4.514587074244008e-05,0.0018353097537781556
4.58597943313264e-05,0.0018420359724970333
4.6573717920212715e-05,0.001848683327085839
4.728764150909903e-05,0.0018552529062045547
4.800156509798535e-05,0.0018617457838771727
4.871548868687167e-05,0.0018681630187141942
4.9429412275757984e-05,0.0018745056533444077
5.01433358646443e-05,0.0018807747140269751
5.085725945353062e-05,0.0018869712103927387
5.1571183042416935e-05,0.0018930961352842744
5.228510663130325e-05,0.0018991504646875784
5.299903022018957e-05,0.0019051351577498135
5.371295380907589e-05,0.0019110511568684624
5.4426877397962204e-05,0.0019168993878348297
5.514080098684852e-05,0.0019226807600204795
5.585472457573484e-05,0.0019283961666003936
5.6568648164621155e-05,0.0019340464848072046
5.7653222747643205e-05,0.0019425076854379666
5.8737797330665254e-05,0.0019508236069529766
5.9822371913687304e-05,0.001958997123223004
6.090694649670935e-05,0.0019670310314175003
6.19915210797314e-05,0.001974928054691983
6.307609566275345e-05,0.0019826908448201956
6.41606702457755e-05,0.0019903219847882633
6.524524482879755e-05,0.0019978239913667015
6.63298194118196e-05,0.0020051993176266394
6.741439399484165e-05,0.0020124503553585493
6.84989685778637e-05,0.0020195794373842803
6.958354316088575e-05,0.0020265888397746207
7.06681177439078e-05,0.0020334807839774635
7.175269232692985e-05,0.002040257438849285
7.28372669099519e-05,0.0020469209225844305
7.392184149297395e-05,0.002053473304546117
7.5006416075996e-05,0.002059916607006668
7.609099065901805e-05,0.002066252806801256
7.71755652420401e-05,0.0020724838368966795
7.826013982506215e-05,0.002078611587877961
7.93447144080842e-05,0.002084637909357823
8.042928899110624e-05,0.002090564611314253
8.15138635741283e-05,0.002096393465360144
8.259843815715034e-05,0.0021021262059483306
8.368301274017239e-05,0.002107764531515727
8.476758732319444e-05,0.0021133101055705594
8.585216190621649e-05,0.0021187645577264375
8.693673648923854e-05,0.0021241294846864964
8.802131107226059e-05,0.002129406451180592
8.910588565528264e-05,0.0021345969908585258
9.019046023830469e-05,0.002139702607142176
9.127503482132674e-05,0.0021447247740391784
9.291746610579962e-05,0.0021521744625526973
9.45598973902725e-05,0.0021594409851569784
9.620232867474538e-05,0.002166529099319645
9.784475995921826e-05,0.002173443426669943
9.948719124369114e-05,0.0021801884578946757
0.00010112962252816401,0.002186768557423756
0.0001027720538126369,0.002193187967876241
0.00010441448509710977,0.002199450814227591
0.00010605691638158265,0.002205561107732268
0.00010769934766605553,0.0022115227496603777
0.00010934177895052841,0.0022173395348699066
0.00011098421023500129,0.0022230151552078666
0.00011262664151947417,0.0022285532027436906
0.00011426907280394705,0.0022339571728560424
0.00011591150408841993,0.0022392304671912406
0.0001175539353728928,0.0022443763965008384
0.00011919636665736569,0.002249398183359439
0.00012083879794183856,0.00225429896477453
0.00012248122922631143,0.0022590817946902676
0.0001241236605107843,0.002263749646405007
0.00012576609179525716,0.0022683054148974944
0.00012740852307973003,0.0022727519190652704
0.0001290509543642029,0.002277091903883609
0.00013069338564867576,0.002281328042491409
0.00013233581693314862,0.0022854629382075674
0.0001339782482176215,0.0022894991264793625
0.00013562067950209435,0.0022934390767655336
0.00013726311078656722,0.002297285194358246
0.00013890554207104009,0.002301039822147623
0.00014054797335551295,0.002304705242331185
0.00014219040463998582,0.0023082836780699894
0.00014383283592445868,0.0023117772950935964
0.00014634059211823428,0.0023169526925415312
0.00014884834831200989,0.0023219425249218204
0.0001513561045057855,0.002326753776172813
0.0001538638606995611,0.0023313931583203154
0.0001563716168933367,0.0023358671224294244
0.0001588793730871123,0.0023401818691572806
0.0001613871292808879,0.002344343358887263
0.0001638948854746635,0.0023483573214008293
0.0001664026416684391,0.0023522292651073358
0.0001689103978622147,0.002355964485886329
0.0001714181540559903,0.002359568075575965
0.0001739259102497659,0.002363044930113561
0.0001764336664435415,0.002366399757332198
0.0001789414226373171,0.0023696370844291928
0.0001814491788310927,0.002372761265127266
0.0001839569350248683,0.002375776486544283
0.0001864646912186439,0.002378686775782179
0.0001889724474124195,0.002381496006245057
0.0001914802036061951,0.002384207903698305
0.00019398795979997071,0.0023868260520808434
0.00019649571599374632,0.0023893538990813683
0.00019900347218752192,0.0023917947614880376
0.00020151122838129752,0.00239415183032082
0.00020401898457507312,0.002396428175755514
0.00020652674076884872,0.0023986267518484425
0.00020903449696262432,0.002400750401070018
0.00021154225315639992,0.002402801858655204
0.00021405000935017553,0.0024047837567781377
0.00021655776554395113,0.002406698628558494
0.00021906552173772673,0.0024085489119061803
0.00022157327793150233,0.0024103369532115543
0.00022408103412527793,0.002412065010886876
0.00022658879031905353,0.002413735258765912
0.00022909654651282914,0.002415349789366543
0.00023160430270660474,0.002416910617023275
0.00023411205890038034,0.002418419680893442
0.00023661981509415594,0.002419878847844348
0.00023912757128793154,0.002421289915223596
0.00024163532748170714,0.002422654613520879
0.0002441430836754827,0.0024239746089212196
0.0002466508398692583,0.002425251505759262
0.00024915859606303387,0.0024264868488750742
0.00025166635225680944,0.0024276821258760674
0.000254174108450585,0.002428838769309563
0.0002566818646443606,0.0024299581587500026
0.00025918962083813616,0.002431041622803887
0.00026169737703191174,0.0024320904410356703
0.0002642051332256873,0.0024331058458179565
0.0002667128894194629,0.00243408902410922
0.00026922064561323846,0.0024350411191620845
0.00027172840180701404,0.0024359632321649992
0.0002742361580007896,0.002436856423819983
0.0002767439141945652,0.002437721715859087
0.00027925167038834076,0.0024385600925021142
0.00028175942658211633,0.0024393725018580104
0.0002842671827758919,0.00244015985727225
0.0002867749389696675,0.0024409230386223907
0.00028928269516344306,0.0024416628935639262
0.00029179045135721863,0.002442380238728464
0.0002942982075509942,0.002443075860876174
0.0002968059637447698,0.002443750518004351
0.00029931371993854536,0.0024444049404138716
0.00030182147613232093,0.0024450398317352466
0.0003043292323260965,0.0024456558699158756
0.0003068369885198721,0.002446253708170087
0.00030934474471364765,0.0024468339758934245
0.00031185250090742323,0.0024473972795426182
0.0003143602571011988,0.00244794420348259
0.0003168680132949744,0.002448475310801807
0.00031937576948874995,0.002448991144097218
0.0003218835256825255,0.0024494922262299716
0.0003243912818763011,0.00244997906105305
0.0003268990380700767,0.0024504521341119174
0.00032940679426385225,0.002450911913319223
0.0003319145504576278,0.0024513588496045523
0.0003344223066514034,0.0024517933775401995
0.00033693006284517897,0.002452215915943863
0.00033943781903895455,0.0024526268684591426
0.0003419455752327301,0.00245302662411469
0.0003444533314265057,0.002453415557862808
0.00034696108762028127,0.0024537940310982685
0.00034946884381405684,0.0024541623921581004
0.0003519766000078324,0.0024545209768030473
0.000354484356201608,0.002454870108681373
0.00035699211239538357,0.0024552100997756857
0.00035949986858915914,0.002455541250833376
0.0003620076247829347,0.0024558638517813065
0.0003645153809767103,0.002456178182125299
0.00036702313717048587,0.002456484511334993
0.00036953089336426144,0.0024567830992146024
0.000372038649558037,0.002457074196260081
0.0003745464057518126,0.0024573580440031923
0.00037705416194558816,0.002457634875342957
0.00037956191813936374,0.0024579049148649333
0.0003820696743331393,0.002458168379148765
0.0003845774305269149,0.0024584254770644303
0.00038708518672069046,0.0024586764100575837
0.00038959294291446604,0.0024589213724243945
0.0003921006991082416,0.0024591605515762514
0.0003946084553020172,0.0024593941282947045
0.00039711621149579276,0.002459622276976953
0.00039962396768956833,0.0024598451658723493
0.0004021317238833439,0.002460062957310096
0.0004046394800771195,0.002460275807918461
0.00040714723627089506,0.00246048386883588
0.00040965499246467063,0.00246068728591424
0.0004121627486584462,0.0024608861999146185
0.0004146705048522218,0.0024610807466957044
0.00041717826104599736,0.0024612710573951964
0.00041968601723977293,0.002461457258604433
0.0004221937734335485,0.002461639472536502
0.0004247015296273241,0.0024618178171880592
0.00042720928582109965,0.002461992406495087
0.00042971704201487523,0.002462163350482811
0.0004322247982086508,0.002462330755409988
0.00043599024974012857,0.0024625756951043025
0.00043975570127160633,0.0024628132190800673
0.0004435211528030841,0.002463043643326802
0.00044728660433456186,0.002463267267961036
0.0004510520558660396,0.00246348437808621
0.0004548175073975174,0.002463695244611796
0.00045858295892899515,0.002463900125029726
0.0004623484104604729,0.0024640992641441774
0.0004661138619919507,0.0024642928947571905
0.00046987931352342844,0.002464481238315848
0.0004736447650549062,0.0024646645055246075
0.00047741021658638397,0.002464842896923699
0.00048117566811786174,0.0024650166034343108
0.0004849411196493395,0.0024651858068725076
0.0004887065711808173,0.00246535068043425
0.000492472022712295,0.0024655113891533936
0.0004962374742437728,0.0024656680903339914
0.0005000029257752506,0.002465820933958143
0.0005037683773067283,0.002465970063070835
0.0005075338288382061,0.0024661156141431925
0.0005112992803696838,0.002466257717415415
0.0005150647319011616,0.0024663964972205282
0.0005188301834326394,0.002466532072290007
0.0005225956349641171,0.0024666645560423297
0.0005263610864955949,0.0024667940568554674
0.0005301265380270727,0.002466920678324234
0.0005338919895585504,0.0024670445195033694
0.0005376574410900282,0.0024671656751371666
0.000541422892621506,0.0024672842358764227
0.0005451883441529837,0.0024674002884834513
0.0005489537956844615,0.0024675139160258417
0.0005527192472159393,0.0024676251980596214
0.000556484698747417,0.0024677342108024108
0.0005602501502788948,0.002467841027297174
0.0005640156018103725,0.0024679457175670848
0.0005677810533418503,0.002468048348762028
0.0005715465048733281,0.00246814898529722
0.0005753119564048058,0.002468247688984388
0.0005790774079362836,0.0024683445191559434
0.0005828428594677614,0.0024684395327825436
0.0005866083109992391,0.0024685327845844008
0.0005903737625307169,0.002468624327136782
0.0005941392140621947,0.0024687142109699194
0.0005979046655936724,0.002468802484663662
0.0006016701171251502,0.002468889194937202
0.000605435568656628,0.0024689743867341734
0.0006092010201881057,0.0024690581033033573
0.0006129664717195835,0.0024691403862752196
0.0006167319232510612,0.002469221275734534
0.000620497374782539,0.0024693008102892986
0.0006242628263140168,0.0024693790271361747
0.0006280282778454945,0.002469455962122617
0.0006317937293769723,0.0024695316498058823
0.0006355591809084501,0.0024696061235091
0.0006393246324399278,0.002469679415374544
0.0006430900839714056,0.0024697515564142823
0.0006468555355028834,0.002469822576558331
0.0006506209870343611,0.0024698925047004568
0.0006543864385658389,0.0024699613687417447
0.0006581518900973166,0.0024700291956320586
0.0006619173416287944,0.0024700960114095146
0.0006656827931602722,0.0024701618412380512
0.0006713720591287249,0.0024702594878576916
0.0006770613250971775,0.0024703550194886217
0.0006827505910656302,0.0024704485126484962
0.0006884398570340829,0.002470540040150329
0.0006941291230025356,0.0024706296713191667
0.0006998183889709883,0.0024707174721965855
0.000705507654939441,0.002470803505732442
0.0007111969209078937,0.0024708878319626352
0.0007168861868763463,0.0024709705081739416
0.000722575452844799,0.0024710515890580256
0.0007282647188132517,0.0024711311268559607
0.0007339539847817044,0.002471209171493525
0.0007396432507501571,0.0024712857707075665
0.0007453325167186098,0.002471360970164098
0.0007510217826870625,0.00247143481356896
0.0007567110486555151,0.0024715073427716513
0.0007624003146239678,0.0024715785978627223
0.0007680895805924205,0.0024716486172651256
0.0007737788465608732,0.0024717174378199444
0.0007794681125293259,0.002471785094866947
0.0007851573784977786,0.002471851622320331
0.0007908466444662312,0.0024719170527399566
0.0007965359104346839,0.0024719814173983796
0.0008022251764031366,0.00247204474634396
0.0008079144423715893,0.002472107068460313
0.000813603708340042,0.002472168411522361
0.0008192929743084947,0.0024722288022491924
0.0008249822402769474,0.0024722882663539333
0.0008306715062454,0.0024723468285908386
0.0008363607722138527,0.0024724045127997693
0.0008420500381823054,0.0024724613419482245
0.0008477393041507581,0.002472517338171093
0.0008534285701192108,0.002472572522808245
0.0008620157729290347,0.002472654325218594
0.0008706029757388587,0.002472734393058505
0.0008791901785486826,0.0024728127904805725
0.0008877773813585066,0.0024728895783440756
0.0008963645841683305,0.0024729648144228185
0.0009049517869781545,0.0024730385536001678
0.0009135389897879784,0.002473110848050831
0.0009221261925978024,0.002473181747408105
0.0009307133954076264,0.0024732512989177617
0.0009393005982174503,0.002473319547580936
0.0009478878010272743,0.002473386536287496
0.0009564750038370982,0.002473452305940257
0.0009650622066469222,0.0024735168955703412
0.0009736494094567461,0.0024735803424443827
0.0009822366122665702,0.002473642682164503
0.0009908238150763942,0.002473703948761666
0.0009994110178862183,0.0024737641747828772
0.0010079982206960424,0.0024738233913725927
0.0010165854235058664,0.002473881628348798
0.0010251726263156905,0.0024739389142741965
0.0010337598291255145,0.00247399527652289
0.0010423470319353386,0.0024740507413428584
0.0010509342347451627,0.002474105333914529
0.0010595214375549867,0.002474159078405724
0.0010681086403648108,0.002474211998023247
0.0010812111212211714,0.002474291204284829
0.0010943136020775321,0.0024743686171814386
0.0011074160829338928,0.0024744443077189086
0.0011205185637902534,0.0024745183428692527
0.0011336210446466141,0.002474590785857157
0.0011467235255029748,0.002474661696427145
0.0011598260063593355,0.0024747311310903295
0.0011729284872156961,0.0024747991433484687
0.0011860309680720568,0.0024748657838975633
0.0011991334489284175,0.0024749311008152516
0.0012122359297847781,0.0024749951397344165
0.0012253384106411388,0.0024750579440033977
0.0012384408914974995,0.0024751195548332306
0.0012515433723538601,0.002475180011433187
0.0012646458532102208,0.0024752393511361286
0.0012777483340665815,0.0024752976095146787
0.0012908508149229421,0.0024753548204887958
0.0013039532957793028,0.0024754110164253618
0.0013170557766356635,0.0024754662282304935
0.0013301582574920241,0.00247552048543528
0.0013500956283822093,0.0024756012776273226
0.0013700329992723944,0.002475680018720995
0.0013899703701625795,0.0024757567968595427
0.0014099077410527647,0.0024758316946850716
0.0014298451119429498,0.0024759047897775343
0.001449782482833135,0.002475976155061458
0.00146971985372332,0.0024760458591771652
0.0014896572246135052,0.002476113966811698
0.0015095945955036904,0.002476180538994755
0.0015295319663938755,0.00247624563336857
0.0015494693372840606,0.00247630930443598
0.0015694067081742458,0.002476371603786745
0.001589344079064431,0.002476432580302774
0.001609281449954616,0.002476492280344986
0.0016292188208448012,0.0024765507479247444
0.0016491561917349863,0.0024766080248614397
0.0016690935626251715,0.002476664150927034
0.0016890309335153566,0.0024767191639785907
0.0017089683044055417,0.002476773100080135
0.0017289056752957269,0.00247682599361505
0.001748843046185912,0.002476877877389733
0.0017790818856798713,0.0024769547115884786
0.0018093207251738306,0.002477029397956533
0.00183955956466779,0.0024771020330415848
0.0018697984041617492,0.002477172707239367
0.0019000372436557085,0.00247724150529896
0.0019302760831496678,0.0024773085067873756
0.0019605149226436273,0.0024773737865120566
0.0019907537621375866,0.0024774374148966655
0.002020992601631546,0.00247749945831549
0.002051231441125505,0.002477559979396345
0.0020814702806194645,0.0024776190372977815
0.002111709120113424,0.0024776766879617135
0.002141947959607383,0.002477732984342287
0.0021721867991013424,0.0024777879766136757
0.0022024256385953017,0.0024778417123600335
0.002232664478089261,0.002477894236749795
0.0022629033175832203,0.002477945592695534
0.0022931421570771796,0.002477995821000462
0.002323380996571139,0.002478044960492961
0.002353619836065098,0.0024780930481505103
0.0023838586755590575,0.002478140119214052
0.0024140975150530168,0.0024781862072936014
0.002444336354546976,0.0024782313444658517
0.0024745751940409354,0.0024782755613645072
0.0025048140335348947,0.002478318887264047
0.002535052873028854,0.0024783613501574773
0.002580529736683798,0.0024784236447143223
0.002626006600338742,0.00247848413395042
0.002671483463993686,0.0024785428988075573
0.00271696032764863,0.0024786000152821424
0.002762437191303574,0.0024786555548033263
0.002807914054958518,0.0024787095845841493
0.002853390918613462,0.0024787621679429445
0.002898867782268406,0.002478813364591093
0.00294434464592335,0.00247886323089165
0.002989821509578294,0.002478911820096174
0.0030352983732332382,0.0024789591825631397
0.0030807752368881823,0.0024790053659579374
0.0031262521005431263,0.0024790504154351346
0.0031717289641980703,0.0024790943738053042
0.0032172058278530143,0.002479137281688721
0.0032626826915079584,0.002479179177657171
0.0033081595551629024,0.0024792200983645625
0.0033536364188178464,0.002479260078667262
0.0033991132824727904,0.0024792991517352636
0.0034445901461277345,0.002479337349155106
0.0034900670097826785,0.002479374701025245
0.0035355438734376225,0.00247941123604444
0.0035810207370925665,0.0024794469815937773
0.0036264976007475106,0.0024794819638128958
0.0036719744644024546,0.002479516207670891
0.0037174513280573986,0.0024795497370323424
0.0037629281917123426,0.0024795825747188313
0.0038084050553672867,0.002479614742566334
0.003877277820868147,0.002479662230379788
0.003946150586369008,0.0024797082983969115
0.004015023351869869,0.002479753011156548
0.0040838961173707295,0.0024797964292553702
0.00415276888287159,0.002479838609644386
0.004221641648372451,0.002479879605903787
0.004290514413873312,0.0024799194684956456
0.004359387179374173,0.002479958244992154
0.004428259944875034,0.002479995980281679
0.004497132710375894,0.0024800327167571997
0.004566005475876755,0.0024800684944900125
0.004634878241377616,0.002480103351389449
0.004703751006878477,0.0024801373233490636
0.004772623772379338,0.002480170444380607
0.0048414965378801985,0.002480202746737352
0.004910369303381059,0.002480234261027976
0.00497924206888192,0.0024802650163216716
0.005048114834382781,0.0024802950402451457
0.005116987599883642,0.0024803243590722198
0.005185860365384503,0.0024803529978067876
0.0052547331308853635,0.00248038098025972
0.005323605896386224,0.002480408329120203
0.005392478661887085,0.002480435066021944
0.005461351427387946,0.002480461211604696
0.005530224192888807,0.0024804867855714786
0.0055990969583896676,0.0024805118067418664
0.00570351594422101,0.0024805487272921267
0.005807934930052352,0.002480584477600534
0.005912353915883694,0.002480619113122787
0.006016772901715036,0.0024806526857994796
0.006121191887546378,0.00248068524432893
0.00622561087337772,0.0024807168344207556
0.0063300298592090624,0.0024807474990281445
0.006434448845040405,0.0024807772785559704
0.006538867830871747,0.002480806211047941
0.006643286816703089,0.0024808343323579566
0.006747705802534431,0.002480861676307941
0.006852124788365773,0.002480888274832249
0.006956543774197115,0.0024809141581092153
0.007060962760028457,0.0024809393546814866
0.0071653817458597995,0.002480963891566686
0.007269800731691142,0.0024809877943593375
0.007374219717522484,0.0024810110873246362
0.007478638703353826,0.0024810337934847338
0.007583057689185168,0.002481055934698288
0.00768747667501651,0.002481077531733965
0.007791895660847852,0.0024810986043384193
0.007896314646679194,0.00248111917129921
0.008000733632510536,0.002481139250503059
0.008105152618341879,0.00248115885898986
0.00820957160417322,0.002481178013002834
0.008368704793955947,0.0024812063641887886
0.008527837983738674,0.002481233747368773
0.0086869711735214,0.0024812602107846644
0.008846104363304127,0.002481285799482756
0.009005237553086853,0.0024813105555724223
0.00916437074286958,0.0024813345184647143
0.009323503932652306,0.0024813577250905297
0.009482637122435033,0.002481380210096134
0.00964177031221776,0.002481402006018178
0.009800903502000486,0.0024814231434426527
0.009960036691783213,0.002481443651150628
0.010119169881565939,0.0024814635562514886
0.010278303071348666,0.0024814828843041114
0.010437436261131392,0.0024815016594271844
0.010596569450914119,0.0024815199044001678
0.010755702640696845,0.0024815376407560106
0.010914835830479572,0.002481554888866292
0.011073969020262298,0.0024815716680193444
0.011233102210045025,0.0024815879964920303
0.011392235399827751,0.00248160389161586
0.011551368589610478,0.0024816193698379762
0.011710501779393204,0.00248163444677746
0.011869634969175931,0.002481649137277331
0.012028768158958657,0.002481663455452643
0.012271094143597713,0.002481684573916226
0.01251342012823677,0.0024817049045949527
0.012755746112875825,0.0024817244889575505
0.012998072097514881,0.0024817433656008393
0.013240398082153937,0.0024817615704912734
0.013482724066792993,0.0024817791371884996
0.013725050051432049,0.0024817960970486895
0.013967376036071105,0.0024818124794047285
0.01420970202071016,0.0024818283117266555
0.014452028005349216,0.0024818436197676067
0.014694353989988272,0.0024818584276975145
0.014936679974627328,0.002481872758224561
0.015179005959266384,0.002481886632704894
0.01542133194390544,0.0024819000712422478
0.015663657928544496,0.002481913092779052
0.01590598391318355,0.0024819257151798904
0.016148309897822608,0.0024819379553077518
0.016390635882461663,0.0024819498290937305
0.01663296186710072,0.002481961351600927
0.016875287851739775,0.0024819725370831955
0.01711761383637883,0.002481983399039176
0.017359939821017887,0.0024819939502619963
0.017602265805656943,0.0024820042028850606
0.01797152934816916,0.0024820192777834454
0.018340792890681377,0.0024820337241116563
0.018710056433193595,0.0024820475772501954
0.019079319975705812,0.0024820608700076388
0.01944858351821803,0.002482073632845204
0.019817847060730247,0.002482085894086811
0.020187110603242464,0.002482097680108939
0.02055637414575468,0.0024821090155053745
0.0209256376882669,0.0024821199232330634
0.021294901230779116,0.0024821304247463036
0.021664164773291333,0.0024821405401196962
0.02203342831580355,0.002482150288158071
0.022402691858315768,0.002482159686494756
0.022771955400827985,0.0024821687516812844
0.023141218943340203,0.0024821774992697747
0.02351048248585242,0.0024821859438876335
0.023879746028364637,0.0024821940993050347
0.024249009570876855,0.0024822019784966824
0.024618273113389072,0.002482209593698723
0.02498753665590129,0.002482216956460728
0.025356800198413507,0.002482224077692796
0.025726063740925724,0.0024822309677093876
0.02630171322616599,0.002482241270383899
0.026877362711406255,0.0024822510692202376
0.02745301219664652,0.0024822603959632006
0.028028661681886786,0.002482269279867425
0.028604311167127052,0.0024822777479303125
0.029179960652367318,0.002482285825104968
0.029755610137607583,0.002482293534492628
0.03033125962284785,0.0024823008975117075
0.030906909108088115,0.002482307934045933
0.03148255859332838,0.002482314662576931
0.03205820807856865,0.002482321100304591
0.03263385756380892,0.0024823272632558354
0.03320950704904919,0.002482333166382009
0.03378515653428946,0.0024823388236461853
0.034360806019529726,0.0024823442481020992
0.034936455504769995,0.0024823494519659057
0.035512104990010264,0.0024823544466813295
0.03608775447525053,0.0024823592429786983
0.0366634039604908,0.002482363850928536
0.03723905344573107,0.00248236827999041
0.03781470293097134,0.002482372539057558
0.038681575141440966,0.002482378650360344
0.03954844735191059,0.0024823844215361985
0.04041531956238022,0.002482389876856943
0.04128219177284984,0.002482395038567489
0.04214906398331947,0.0024823999270815475
0.043015936193789094,0.00248240456116141
0.04388280840425872,0.0024824089580789774
0.044749680614728345,0.002482413133755513
0.04561655282519797,0.0024824171028841064
0.046483425035667596,0.002482420879039905
0.04735029724613722,0.0024824244747798816
0.04821716945660685,0.0024824279017321774
0.04908404166707647,0.002482431170675825
0.0499509138775461,0.002482434291612351
0.05081778608801572,0.0024824372738304133
0.05168465829848535,0.002482440125964279
0.052551530508954974,0.0024824428560467886
0.0534184027194246,0.0024824454715573286
0.054285274929894226,0.002482447979465276
0.05515214714036385,0.002482450386269469
0.056469155483594505,0.0024824538628524765
0.05778616382682516,0.00248245713948934
0.05910317217005581,0.0024824602338046407
0.060420180513286466,0.0024824631617247368
0.06173718885651712,0.002482465937654326
0.06305419719974777,0.0024824685746401742
0.06437120554297841,0.0024824710845157824
0.06568821388620906,0.002482473478024491
0.0670052222294397,0.002482475764927686
0.06832223057267035,0.002482477954102659
0.069639238915901,0.0024824800536298857
0.07095624725913165,0.0024824820708703337
0.0722732556023623,0.002482484012534768
0.07359026394559294,0.0024824858847455836
0.07490727228882359,0.002482487693091576
0.07622428063205423,0.0024824894426774343
0.07754128897528488,0.002482491138168909
0.07885829731851553,0.0024824927838330776
0.08017530566174617,0.002482494383573963
0.08149231400497682,0.0024824959409650493
0.08356176872844935,0.002482498310358874
0.08563122345192188,0.002482500594546106
0.08770067817539441,0.0024825028034453716
0.08977013289886694,0.0024825049457196176
0.09183958762233947,0.0024825070289365885
0.093909042345812,0.0024825090597130222
0.09597849706928453,0.002482511043842004
0.09804795179275706,0.0024825129864005507
0.10011740651622959,0.002482514891839914
0.10218686123970212,0.002482516764064024
0.10425631596317465,0.0024825186064991165
0.10632577068664718,0.0024825204221547124
0.10839522541011971,0.00248252221367603
0.11046468013359224,0.0024825239833891244
0.11253413485706477,0.0024825257333403647
0.1146035895805373,0.002482527465331138
0.11667304430400983,0.002482529180948203
0.11874249902748236,0.002482530881590063
0.1208119537509549,0.0024825325684899573
0.12396483748498806,0.0024825351145386794
0.1271177212190212,0.002482537634477366
0.13027060495305437,0.0024825401310401983
0.13342348868708753,0.0024825426064959176
0.1365763724211207,0.002482545062726742
0.13972925615515386,0.002482547501297806
0.14288213988918702,0.002482549923515371
0.14603502362322018,0.0024825523304726725
0.14918790735725335,0.002482554723086049
0.1523407910912865,0.0024825571021248587
0.15549367482531967,0.002482559468237162
0.15864655855935283,0.0024825618219712392
0.161799442293386,0.0024825641637928196
0.16495232602741916,0.002482566494098868
0.16971377770728335,0.0024825699922143563
0.17447522938714755,0.0024825734658030555
0.17923668106701174,0.0024825769156540303
0.18399813274687593,0.002482580342415306
0.18875958442674012,0.0024825837466236566
0.19352103610660432,0.0024825871287319236
0.2009728683124695,0.0024825923784004265
0.20842470051833467,0.002482597576158636
0.21587653272419985,0.002482602723099729
0.22332836493006503,0.002482607820183995
0.2307801971359302,0.0024826128682650743
0.23823202934179538,0.002482617868130044
0.24568386154766056,0.0024826228205280464
0.25313569375352574,0.00248262772617602
0.2605875259593909,0.0024826325857626183
0.26803935816525604,0.0024826373999521693
0.28162532783118815,0.002482646062320996
0.2952112974971203,0.002482654579708452
0.3087972671630524,0.002482662955756015
0.3223832368289845,0.0024826711939789485
0.33596920649491663,0.0024826792977582987
0.34955517616084875,0.002482687270367557
0.36314114582678086,0.002482695114982457
0.376727115492713,0.0024827028346590674
0.3903130851586451,0.0024827104323609096
0.4038990548245772,0.0024827179109804575
0.41748502449050934,0.0024827252732958923
0.43107099415644146,0.00248273252198663
0.4446569638223736,0.002482739659688015
0.4582429334883057,0.00248274668895
0.4718289031542378,0.0024827536122107347
0.48541487282016993,0.0024827604318390425
0.4946440027614966,0.002482765006603047
0.5006909679305617,0.0024827679790036025
0.5050637698443753,0.002482770116249896
0.5094365717581889,0.0024827722433404358
0.5138093736720025,0.0024827743603496387
0.5181821755858161,0.002482776467341029
0.5225549774996298,0.0024827785643857115
0.5269277794134434,0.0024827806515597137
0.531300581327257,0.002482782728931779
0.5356733832410706,0.002482784796567287
0.5400461851548842,0.002482786854535981
0.5444189870686978,0.002482788902907849
0.5487917889825115,0.0024827909417486477
0.5557677659353603,0.002482794174766401
0.562743742888209,0.0024827973839629536
0.5697197198410578,0.0024828005695994573
0.5766956967939066,0.0024828037319370596
0.5836716737467554,0.0024828068712331153
0.5906476506996042,0.0024828099877367733
0.6039351452646913,0.0024828158617366427
0.6136534366963694,0.002482820107077918
0.6233717281280475,0.0024828243102034396
0.6330900195597257,0.002482828471744244
0.6428083109914038,0.0024828325923143507
0.6525266024230819,0.0024828366725157393
0.66224489385476,0.0024828407129430996
0.6719631852864382,0.0024828447141767677
0.6816814767181163,0.002482848676782118
0.6913997681497944,0.0024828526013193413
0.7011180595814726,0.002482856488339719
0.7108363510131507,0.0024828603383754712
0.7205546424448288,0.002482864151950392
0.7302729338765069,0.00248286792958915
0.7399912253081851,0.0024828716717991577
0.7497095167398632,0.0024828753790667084
0.7594278081715413,0.002482879051884816
0.7691460996032194,0.0024828826907428952
0.7788643910348976,0.0024828862961041747
0.7885826824665757,0.0024828898684207245
0.7983009738982538,0.002482893408160194
0.808019265329932,0.0024828969157678084
0.8177375567616101,0.0024829003916695476
0.8274558481932882,0.0024829038362964863
0.8371741396249663,0.002482907250082762
0.8468924310566445,0.0024829106334325027
0.8566107224883226,0.0024829139867350394
0.8663290139200007,0.0024829173104122864
0.8760473053516789,0.002482920604878089
0.885765596783357,0.002482923870472485
0.8924087305635039,0.00248292608631127
0.8973070398805567,0.002482927711719648
0.9022053491976095,0.0024829293300023094
0.9071036585146623,0.0024829309412058684
0.9120019678317152,0.0024829325453922554
0.916900277148768,0.0024829341425983177
0.9217985864658208,0.002482935732846757
0.9266968957828736,0.002482937316202028
0.9315952050999264,0.0024829388927411545
0.9364935144169793,0.0024829404624756965
0.9399366160570028,0.0024829415617965223
0.9433797176970264,0.0024829426577978636
0.94682281933705,0.002482943750503037
0.9502659209770736,0.0024829448399134642
0.9537090226170972,0.002482945926038278
0.9571521242571208,0.0024829470088998918
0.9605952258971444,0.002482948088516336
0.964038327537168,0.002482949164897455
0.9674814291771916,0.002482950238055689
0.9709245308172152,0.0024829513080085568
0.9743676324572388,0.0024829523747718282
0.9778107340972624,0.0024829534383578444
0.981253835737286,0.0024829544987798975
0.9846969373773096,0.002482955556053395
0.9881400390173332,0.002482956610193003
0.9915831406573568,0.002482957661211843
0.9950262422973803,0.002482958709123378
0.9984693439374039,0.002482959753941964
1.0037387321635818,0.0024829613469947347
