0.00035668072192531706,0.0
0.0007133614438506341,5.4724079045881804e-11
0.0010700421657759511,3.72688020551997e-10
0.0014267228877012682,1.1570315076019287e-09
0.0017834036096265854,2.5982178087949568e-09
0.0021400843315519022,4.882048693263535e-09
0.0024967650534772194,8.1950915310955e-09
0.0028534457754025365,1.2728871249592708e-08
0.0032101264973278536,1.868316608370788e-08
0.0035668072192531707,2.6268592171905142e-08
0.003923487941178487,3.570858898968435e-08
0.0042801686631038045,4.724084895645599e-08
0.004636849385029122,6.111820103576264e-08
0.004993530106954439,7.760888349569244e-08
0.005350210828879756,9.699618358056747e-08
0.005706891550805073,1.1957736448100665e-07
0.00606357227273039,1.4566181409408332e-07
0.006420252994655707,1.7556837874462796e-07
0.006776933716581024,2.0962186011038022e-07
0.007133614438506341,2.481487020924584e-07
0.0074902951604316585,2.914719426229259e-07
0.007846975882356975,3.3990556203458263e-07
0.008203656604282293,3.937484149213684e-07
0.008560337326207609,4.5327798960708445e-07
0.008917018048132927,5.187442632205111e-07
0.009273698770058243,5.9036395332809e-07
0.009630379491983561,6.683154527193282e-07
0.009987060213908877,7.527347067861733e-07
0.010343740935834195,8.437122411441136e-07
0.010700421657759512,9.412914753532002e-07
0.01105710237968483,1.0454683780577207e-06
0.011413783101610146,1.1561924343336953e-06
0.011770463823535462,1.2733688237308317e-06
0.01212714454546078,1.3968616342069514e-06
0.012483825267386096,1.5264978989513088e-06
0.012840505989311414,1.6620722231993234e-06
0.01319718671123673,1.803351751704746e-06
0.013553867433162049,1.950081251544357e-06
0.013910548155087365,2.101988107373736e-06
0.014267228877012683,2.258787064548906e-06
0.014623909598937999,2.420184595814558e-06
0.014980590320863317,2.5858828080659673e-06
0.015337271042788633,2.7555828435894062e-06
0.01569395176471395,2.9289877626386265e-06
0.01605063248663927,3.1058049202276867e-06
0.016407313208564585,3.285747869313792e-06
0.016763993930489902,3.4685378353615044e-06
0.017120674652415218,3.653904814488412e-06
0.017477355374340534,3.841588349948421e-06
0.017834036096265854,4.031338040733049e-06
0.01819071681819117,4.222913832587241e-06
0.018547397540116486,4.416086136673525e-06
0.018904078262041803,4.610635814383025e-06
0.019260758983967122,4.806354063795372e-06
0.01961743970589244,5.003042236354229e-06
0.019974120427817755,5.2005115975873335e-06
0.02033080114974307,5.39858305151357e-06
0.02068748187166839,5.59708685199011e-06
0.021044162593593707,5.795862302838901e-06
0.021400843315519023,5.994757449010408e-06
0.02175752403744434,6.193628768518803e-06
0.02211420475936966,6.392340869419951e-06
0.022470885481294976,6.590766191174847e-06
0.022827566203220292,6.788784711658946e-06
0.023184246925145608,6.986283660814956e-06
0.023540927647070924,7.183157240735458e-06
0.023897608368996244,7.379306352516267e-06
0.02425428909092156,7.574638329102833e-06
0.024610969812846877,7.769066674007608e-06
0.024967650534772193,7.962510805820211e-06
0.025324331256697512,8.154895809369192e-06
0.02568101197862283,8.346152190589937e-06
0.026037692700548145,8.536215636897296e-06
0.02639437342247346,8.72502678471908e-06
0.02675105414439878,8.912530992773953e-06
0.027107734866324097,9.09867811995866e-06
0.027464415588249413,9.283422309235842e-06
0.02782109631017473,9.466721775834864e-06
0.02817777703210005,9.648538603838927e-06
0.028534457754025366,9.828838548126423e-06
0.028891138475950682,1.0007590842590496e-05
0.029247819197875998,1.0184768014443218e-05
0.029604499919801314,1.0360345704985323e-05
0.029961180641726634,1.0534302496792757e-05
0.03031786136365195,1.0706619746656062e-05
0.030674542085577267,1.0877281426944753e-05
0.031031222807502583,1.1046273971616068e-05
0.0313879035294279,1.1213586129036664e-05
0.031744584251353215,1.1379208821112153e-05
0.03210126497327854,1.1543135008779089e-05
0.032457945695203855,1.1705359563061205e-05
0.03281462641712917,1.1865879142459824e-05
0.03317130713905449,1.2024692076693331e-05
0.033527987860979803,1.2181798255145137e-05
0.03388466858290512,1.2337199021186146e-05
0.034241349304830436,1.2490897071832395e-05
0.03459803002675575,1.2642896362741964e-05
0.03495471074868107,1.2793202017419414e-05
0.03531139147060639,1.2941820242285904e-05
0.03566807219253171,1.3088758245930691e-05
0.036024752914457024,1.3234024163602035e-05
0.03638143363638234,1.3377626986222958e-05
0.03673811435830766,1.3519576486130807e-05
0.03709479508023297,1.3659883157247667e-05
0.03745147580215829,1.3798558154458276e-05
0.037808156524083605,1.393561322717566e-05
0.03816483724600893,1.4071060692637097e-05
0.038521517967934245,1.4204913347818192e-05
0.03887819868985956,1.4337184462357673e-05
0.03923487941178488,1.446788770067501e-05
0.039591560133710194,1.4597037102552368e-05
0.03994824085563551,1.4724647029561024e-05
0.040304921577560826,1.4850732133227147e-05
0.04066160229948614,1.497530732680515e-05
0.04101828302141146,1.5098387737126138e-05
0.04137496374333678,1.5219988697415764e-05
0.0417316444652621,1.5340125696469714e-05
0.042088325187187414,1.5458814372347254e-05
0.04244500590911273,1.5576070472659966e-05
0.04280168663103805,1.5691909841290375e-05
0.04315836735296336,1.580634839394162e-05
0.04351504807488868,1.591940209516159e-05
0.043871728796813995,1.603108694905471e-05
0.04422840951873932,1.6141418969729807e-05
0.044585090240664635,1.625041417910661e-05
0.04494177096258995,1.6358088580433815e-05
0.04529845168451527,1.6464458153803375e-05
0.045655132406440584,1.6569538838095952e-05
0.0460118131283659,1.667334652096612e-05
0.046368493850291216,1.6775897031050732e-05
0.04672517457221653,1.6877206121446596e-05
0.04708185529414185,1.69772894693598e-05
0.04743853601606717,1.707616265961142e-05
0.04779521673799249,1.717384118403436e-05
0.048151897459917804,1.7270340429420607e-05
0.04850857818184312,1.736567567417252e-05
0.04886525890376844,1.7459862082256838e-05
0.04922193962569375,1.755291469579845e-05
0.04957862034761907,1.7644848434493437e-05
0.049935301069544386,1.7735678086587787e-05
0.05029198179146971,1.782541830981177e-05
0.050648662513395025,1.7914083624096307e-05
0.05100534323532034,1.8001688411366763e-05
0.05136202395724566,1.808824691158576e-05
0.051718704679170974,1.8173773220386353e-05
0.05207538540109629,1.825828128858404e-05
0.052432066123021606,1.8341784918310777e-05
0.05278874684494692,1.8424297765382807e-05
0.05314542756687224,1.8505833331010537e-05
0.05350210828879756,1.8586404969092563e-05
0.05385878901072288,1.8666025881833376e-05
0.054215469732648194,1.8744709110368842e-05
0.05457215045457351,1.882246755886648e-05
0.05492883117649883,1.889931396435858e-05
0.05528551189842414,1.8975260913742316e-05
0.05564219262034946,1.9050320851191887e-05
0.055998873342274776,1.9124506056872902e-05
0.0563555540642001,1.919782866511373e-05
0.056712234786125415,1.9270300659966233e-05
0.05706891550805073,1.934193387071484e-05
0.05742559622997605,1.941273998119373e-05
0.057782276951901364,1.948273052262593e-05
0.05813895767382668,1.9551916878416628e-05
0.058495638395751996,1.962031028722059e-05
0.05885231911767731,1.968792183755041e-05
0.05920899983960263,1.9754762475178767e-05
0.05956568056152795,1.9820843002362083e-05
0.05992236128345327,1.9886174075910258e-05
0.060279042005378584,1.9950766214993865e-05
0.0606357227273039,2.0014629795871895e-05
0.06099240344922922,2.0077775056563906e-05
0.06134908417115453,2.0140212099183093e-05
0.06170576489307985,2.020195088811398e-05
0.062062445615005166,2.0263001254043096e-05
0.06241912633693049,2.0323372894649036e-05
0.0627758070588558,2.0383075375181365e-05
0.06313248778078112,2.044211813179826e-05
0.06348916850270643,2.050051047108281e-05
0.06384584922463175,2.05582615725871e-05
0.06420252994655708,2.0615380490901588e-05
0.06455921066848239,2.06718761556666e-05
0.06491589139040771,2.072775737436867e-05
0.06527257211233302,2.0783032833544044e-05
0.06562925283425834,2.0837711099910242e-05
0.06598593355618365,2.0891800622431426e-05
0.06634261427810897,2.0945309733503243e-05
0.06669929500003428,2.0998246650588413e-05
0.06705597572195961,2.1050619477648374e-05
0.06741265644388493,2.1102436206814344e-05
0.06776933716581024,2.1153704719696507e-05
0.06812601788773556,2.1204432788946017e-05
0.06848269860966087,2.1254628079893094e-05
0.0688393793315862,2.1304298151632924e-05
0.0691960600535115,2.1353450458973762e-05
0.06955274077543683,2.1402092353624012e-05
0.06990942149736214,2.1450231085375705e-05
0.07026610221928746,2.149787380421401e-05
0.07062278294121278,2.154502756078182e-05
0.07097946366313809,2.1591699308302228e-05
0.07133614438506342,2.1637895904685457e-05
0.07169282510698873,2.168362411332312e-05
0.07204950582891405,2.172889060285691e-05
0.07240618655083936,2.177370195009642e-05
0.07276286727276468,2.1818064643351778e-05
0.07311954799469,2.1861985081318027e-05
0.07347622871661531,2.1905469572244144e-05
0.07383290943854064,2.1948524337383744e-05
0.07418959016046595,2.199115551612876e-05
0.07454627088239127,2.2033369162628523e-05
0.07490295160431658,2.2075171245736183e-05
0.0752596323262419,2.2116567651830448e-05
0.07561631304816721,2.215756419049503e-05
0.07597299377009253,2.2198166590726643e-05
0.07632967449201786,2.2238380501398936e-05
0.07668635521394317,2.227821149334092e-05
0.07704303593586849,2.2317665064934107e-05
0.0773997166577938,2.2356746638615694e-05
0.07775639737971912,2.2395461561671717e-05
0.07811307810164443,2.2433815107724644e-05
0.07846975882356975,2.2471812481956634e-05
0.07882643954549506,2.2509458818142948e-05
0.07918312026742039,2.254675917920479e-05
0.07953980098934571,2.2583718558256303e-05
0.07989648171127102,2.2620341884499308e-05
0.08025316243319634,2.2656634019677926e-05
0.08060984315512165,2.269259975873586e-05
0.08096652387704698,2.272824383038269e-05
0.08132320459897228,2.2763570903662183e-05
0.08167988532089761,2.279858558383842e-05
0.08203656604282292,2.2833292413346388e-05
0.08239324676474824,2.2867695871948826e-05
0.08274992748667356,2.2901800383332765e-05
0.08310660820859887,2.293561031103e-05
0.0834632889305242,2.296912995945366e-05
0.0838199696524495,2.3002363573685953e-05
0.08417665037437483,2.3035315346144026e-05
0.08453333109630014,2.306798941248076e-05
0.08489001181822546,2.310038985266588e-05
0.08524669254015078,2.313252069039103e-05
0.0856033732620761,2.3164385899995156e-05
0.08596005398400142,2.3195989402168475e-05
0.08631673470592673,2.322733506526423e-05
0.08667341542785205,2.3258426704574208e-05
0.08703009614977736,2.328926808867723e-05
0.08738677687170268,2.331986293565064e-05
0.08774345759362799,2.3350214914330305e-05
0.08810013831555331,2.33803276434062e-05
0.08845681903747864,2.341020469757726e-05
0.08881349975940395,2.3439849603931916e-05
0.08917018048132927,2.3469265843045702e-05
0.08952686120325458,2.349845684740818e-05
0.0898835419251799,2.352742600888065e-05
0.09024022264710521,2.355617667401855e-05
0.09059690336903053,2.3584712145576243e-05
0.09095358409095584,2.3613035680981843e-05
0.09131026481288117,2.3641150499019296e-05
0.09166694553480649,2.3669059775766998e-05
0.0920236262567318,2.369676664620804e-05
0.09238030697865712,2.3724274203577587e-05
0.09273698770058243,2.3751585503347422e-05
0.09309366842250776,2.3778703561279533e-05
0.09345034914443306,2.3805631354265245e-05
0.09380702986635839,2.383237181820259e-05
0.0941637105882837,2.3858927855259118e-05
0.09452039131020902,2.3885302329376038e-05
0.09487707203213434,2.39114980677683e-05
0.09523375275405965,2.393751785844167e-05
0.09559043347598498,2.396336445784863e-05
0.09594711419791029,2.398904058607539e-05
0.09630379491983561,2.401454892864812e-05
0.09666047564176092,2.403989213597608e-05
0.09701715636368624,2.406507282633065e-05
0.09737383708561155,2.4090093584548034e-05
0.09773051780753687,2.411495696285887e-05
0.0980871985294622,2.4139665479069932e-05
0.0984438792513875,2.4164221622112807e-05
0.09880055997331283,2.4188627848817806e-05
0.09915724069523814,2.4212886585262885e-05
0.09951392141716346,2.423700022498565e-05
0.09987060213908877,2.426097113331569e-05
0.1002272828610141,2.4284801645228504e-05
0.10058396358293942,2.4308494067234107e-05
0.10094064430486473,2.4332050676301653e-05
0.10129732502679005,2.4355473721282165e-05
0.10165400574871536,2.4378765422962404e-05
0.10201068647064068,2.44019279747779e-05
0.10236736719256599,2.442496354280718e-05
0.10272404791449131,2.4447874264458993e-05
0.10308072863641662,2.4470662252191014e-05
0.10343740935834195,2.4493329591838743e-05
0.10379409008026727,2.451587834476329e-05
0.10415077080219258,2.4538310545785757e-05
0.1045074515241179,2.4560628205270777e-05
0.10486413224604321,2.458283330893877e-05
0.10522081296796854,2.460492781809652e-05
0.10557749368989384,2.4626913667356532e-05
0.10593417441181917,2.4648792770144763e-05
0.10629085513374448,2.467056701659575e-05
0.1066475358556698,2.4692238271534173e-05
0.10700421657759512,2.47138083786889e-05
0.10736089729952043,2.473527916132027e-05
0.10771757802144576,2.4756652413210758e-05
0.10807425874337107,2.4777929915162556e-05
0.10843093946529639,2.479911342538355e-05
0.1087876201872217,2.4820204669757582e-05
0.10914430090914702,2.484120536694374e-05
0.10950098163107233,2.4862117207577628e-05
0.10985766235299765,2.488294186383208e-05
0.11021434307492298,2.4903680987441972e-05
0.11057102379684829,2.4924336209272723e-05
0.11092770451877361,2.4944909142327295e-05
0.11128438524069892,2.4965401379027667e-05
0.11164106596262424,2.4985814492921054e-05
0.11199774668454955,2.5006150038984232e-05
0.11235442740647487,2.5026409553318936e-05
0.1127111081284002,2.5046594553566055e-05
0.1130677888503255,2.5066706539496566e-05
0.11342446957225083,2.5086746993046663e-05
0.11378115029417614,2.5106717378782456e-05
0.11413783101610146,2.5126619143568818e-05
0.11449451173802677,2.5146453717256528e-05
0.1148511924599521,2.516622251257124e-05
0.1152078731818774,2.518592692556707e-05
0.11556455390380273,2.5205568335724443e-05
0.11592123462572805,2.522514810764763e-05
0.11627791534765336,2.5244667588128666e-05
0.11663459606957868,2.5264128107825374e-05
0.11699127679150399,2.5283530985400826e-05
0.11734795751342932,2.530287751897482e-05
0.11770463823535462,2.532216899394313e-05
0.11806131895727995,2.5341406682757223e-05
0.11841799967920526,2.536059183844657e-05
0.11877468040113058,2.537972570358444e-05
0.1191313611230559,2.5398809505188488e-05
0.11948804184498121,2.541784445379461e-05
0.11984472256690654,2.5436831750898707e-05
0.12020140328883185,2.545577257950239e-05
0.12055808401075717,2.547466811016018e-05
0.12091476473268248,2.5493519502738216e-05
0.1212714454546078,2.5512327899826936e-05
0.12162812617653311,2.5531094433048414e-05
0.12198480689845843,2.554982022199648e-05
0.12234148762038376,2.5568506370563346e-05
0.12269816834230907,2.558715397328419e-05
0.12305484906423439,2.5605764110693667e-05
0.1234115297861597,2.562433784983119e-05
0.12376821050808502,2.5642876249589692e-05
0.12412489123001033,2.5661380352799915e-05
0.12448157195193565,2.567985119188156e-05
0.12483825267386098,2.5698289789787497e-05
0.1251949333957863,2.5716697154599067e-05
0.1255516141177116,2.573507428525421e-05
0.12590829483963692,2.575342216992505e-05
0.12626497556156224,2.577174178343902e-05
0.12662165628348757,2.579003409285996e-05
0.12697833700541286,2.5808300052575848e-05
0.12733501772733818,2.582654060589059e-05
0.1276916984492635,2.5844756688740175e-05
0.12804837917118883,2.5862949223347762e-05
0.12840505989311415,2.588111912311125e-05
0.12876174061503945,2.5899267292967874e-05
0.12911842133696477,2.591739462520123e-05
0.1294751020588901,2.5935502004440975e-05
0.12983178278081542,2.5953590305623885e-05
0.13018846350274071,2.5971660392431436e-05
0.13054514422466604,2.5989713123293077e-05
0.13090182494659136,2.6007749344099995e-05
0.13125850566851668,2.602576989135098e-05
0.131615186390442,2.604377559205131e-05
0.1319718671123673,2.606176726708896e-05
0.13232854783429263,2.6079745731336056e-05
0.13268522855621795,2.609771178318926e-05
0.13304190927814327,2.6115666214825863e-05
0.13339859000006857,2.6133609809233873e-05
0.1337552707219939,2.6151543351983077e-05
0.13411195144391921,2.616946760757204e-05
0.13446863216584454,2.6187383336020897e-05
0.13482531288776986,2.620529128947304e-05
0.13518199360969516,2.6223192214276562e-05
0.13553867433162048,2.6241086850006572e-05
0.1358953550535458,2.625897592542137e-05
0.13625203577547113,2.6276860163389237e-05
0.13660871649739642,2.6294740279534696e-05
0.13696539721932174,2.631261698098382e-05
0.13732207794124707,2.633049096942277e-05
0.1376787586631724,2.634836293902649e-05
0.1380354393850977,2.6366233577135625e-05
0.138392120107023,2.6384103563052977e-05
0.13874880082894833,2.6401973569235687e-05
0.13910548155087366,2.641984426283892e-05
0.13946216227279898,2.6437716303746482e-05
0.13981884299472427,2.6455590345297444e-05
0.1401755237166496,2.6473467033988565e-05
0.14053220443857492,2.649134701045488e-05
0.14088888516050024,2.6509230908881113e-05
0.14124556588242557,2.652711935726733e-05
0.14160224660435086,2.65450129777524e-05
0.14195892732627619,2.656291238644775e-05
0.1423156080482015,2.6580818193411043e-05
0.14267228877012683,2.6598731003003197e-05
0.14302896949205213,2.6616651413801102e-05
0.14338565021397745,2.6634580018085508e-05
0.14374233093590277,2.665251740343678e-05
0.1440990116578281,2.6670464151639633e-05
0.14445569237975342,2.6688420839080028e-05
0.14481237310167872,2.6706388036693724e-05
0.14516905382360404,2.6724366310235265e-05
0.14552573454552936,2.6742356220366504e-05
0.14588241526745468,2.676035832263492e-05
0.14623909598938,2.6778373167577534e-05
0.1465957767113053,2.679640130069676e-05
0.14695245743323063,2.6814443262770535e-05
0.14730913815515595,2.683249958974485e-05
0.14766581887708127,2.6850570811761904e-05
0.14802249959900657,2.6868657455135954e-05
0.1483791803209319,2.688676004112134e-05
0.14873586104285721,2.6904879086967037e-05
0.14909254176478254,2.6923015104993187e-05
0.14944922248670786,2.6941168603060053e-05
0.14980590320863316,2.695934008497153e-05
0.15016258393055848,2.697753005045033e-05
0.1505192646524838,2.6995738994773854e-05
0.15087594537440913,2.7013967408362802e-05
0.15123262609633442,2.703221577797955e-05
0.15158930681825974,2.705048458627684e-05
0.15194598754018507,2.7068774311574432e-05
0.1523026682621104,2.7087085428655096e-05
0.15265934898403571,2.7105418408454973e-05
0.153016029705961,2.712377371790444e-05
0.15337271042788633,2.7142151819996006e-05
0.15372939114981166,2.7160553174220583e-05
0.15408607187173698,2.717897823609275e-05
0.15444275259366227,2.7197427457556097e-05
0.1547994333155876,2.7215901287214382e-05
0.15515611403751292,2.7234400170046212e-05
0.15551279475943824,2.7252924547523358e-05
0.15586947548136357,2.7271474857675036e-05
0.15622615620328886,2.7290051535198663e-05
0.15658283692521419,2.730865501123246e-05
0.1569395176471395,2.7327285713704534e-05
0.15729619836906483,2.7345944067545316e-05
0.15765287909099013,2.7364630494323692e-05
0.15800955981291545,2.7383345412501883e-05
0.15836624053484077,2.740208923746472e-05
0.1587229212567661,2.742086238149603e-05
0.15907960197869142,2.7439665253588303e-05
0.15943628270061672,2.745849825988501e-05
0.15979296342254204,2.7477361803900605e-05
0.16014964414446736,2.7496256286020908e-05
0.16050632486639269,2.7515182104003382e-05
0.16086300558831798,2.7534139652900444e-05
0.1612196863102433,2.755312932475511e-05
0.16157636703216863,2.757215150841614e-05
0.16193304775409395,2.7591206590312505e-05
0.16228972847601927,2.7610294954252613e-05
0.16264640919794457,2.7629416981068885e-05
0.1630030899198699,2.7648573050152425e-05
0.16335977064179522,2.7667763538100572e-05
0.16371645136372054,2.7686988818728337e-05
0.16407313208564583,2.770624926313459e-05
0.16442981280757116,2.7725545240196826e-05
0.16478649352949648,2.7744877114869956e-05
0.1651431742514218,2.776424525050535e-05
0.16549985497334713,2.778365000920572e-05
0.16585653569527242,2.7803091750786508e-05
0.16621321641719775,2.7822570832727196e-05
0.16656989713912307,2.784208760886568e-05
0.1669265778610484,2.7861642431258862e-05
0.1672832585829737,2.7881235650954983e-05
0.167639939304899,2.79008676159212e-05
0.16799662002682433,2.7920538671127046e-05
0.16835330074874966,2.794024915916613e-05
0.16870998147067498,2.7959999423635357e-05
0.16906666219260028,2.7979789805355368e-05
0.1694233429145256,2.799962063944186e-05
0.16978002363645092,2.8019492261720045e-05
0.17013670435837625,2.803940500522011e-05
0.17049338508030157,2.805935920459703e-05
0.17085006580222686,2.807935518494459e-05
0.1712067465241522,2.809939327533769e-05
0.1715634272460775,2.811947380275462e-05
0.17192010796800283,2.8139597088393793e-05
0.17227678868992813,2.8159763457306684e-05
0.17263346941185345,2.8179973227379968e-05
0.17299015013377878,2.8200226716283176e-05
0.1733468308557041,2.822052424048458e-05
0.17370351157762942,2.824086611638642e-05
0.17406019229955472,2.8261252655484522e-05
0.17441687302148004,2.828168416799475e-05
0.17477355374340536,2.83021609629894e-05
0.1751302344653307,2.832268334866467e-05
0.17548691518725598,2.8343251630106355e-05
0.1758435959091813,2.8363866111201465e-05
0.17620027663110663,2.838452709425138e-05
0.17655695735303195,2.8405234879619894e-05
0.17691363807495727,2.842598976597803e-05
0.17727031879688257,2.844679205042092e-05
0.1776269995188079,2.846764202834174e-05
0.17798368024073322,2.8488539993409246e-05
0.17834036096265854,2.8509486237597448e-05
0.17869704168458383,2.8530481051271228e-05
0.17905372240650916,2.8551524723154438e-05
0.17941040312843448,2.857261754028988e-05
0.1797670838503598,2.8593759788074265e-05
0.18012376457228513,2.8614951750255383e-05
0.18048044529421042,2.863619370897404e-05
0.18083712601613575,2.865748594469739e-05
0.18119380673806107,2.867882873629217e-05
0.1815504874599864,2.8700222360960106e-05
0.1819071681819117,2.8721667094263965e-05
0.182263848903837,2.8743163210130123e-05
0.18262052962576233,2.8764710980831034e-05
0.18297721034768766,2.8786310677012435e-05
0.18333389106961298,2.880796256767684e-05
0.18369057179153828,2.8829666920136688e-05
0.1840472525134636,2.8851424000108012e-05
0.18440393323538892,2.8873234071653474e-05
0.18476061395731425,2.8895097397040628e-05
0.18511729467923954,2.891701423686136e-05
0.18547397540116486,2.8938984850186978e-05
0.1858306561230902,2.896100949430327e-05
0.1861873368450155,2.8983088424554385e-05
0.18654401756694083,2.9005221894931894e-05
0.18690069828886613,2.902741015762633e-05
0.18725737901079145,2.9049653462703788e-05
0.18761405973271678,2.9071952058858938e-05
0.1879707404546421,2.90943061930386e-05
0.1883274211765674,2.9116716110086232e-05
0.18868410189849272,2.91391820529171e-05
0.18904078262041804,2.916170426313489e-05
0.18939746334234336,2.9184282980265123e-05
0.1897541440642687,2.92069184411597e-05
0.19011082478619398,2.9229610881844642e-05
0.1904675055081193,2.925236053616225e-05
0.19082418623004463,2.927516763528275e-05
0.19118086695196995,2.9298032408989104e-05
0.19153754767389525,2.9320955085245924e-05
0.19189422839582057,2.9343935889559945e-05
0.1922509091177459,2.9366975045058226e-05
0.19260758983967122,2.93900727736564e-05
0.19296427056159654,2.9413229294877655e-05
0.19332095128352184,2.9436444824716606e-05
0.19367763200544716,2.9459719578724467e-05
0.19403431272737248,2.9483053769806857e-05
0.1943909934492978,2.9506447607352267e-05
0.1947476741712231,2.9529901299145758e-05
0.19510435489314842,2.9553415051198468e-05
0.19546103561507375,2.957698906643708e-05
0.19581771633699907,2.960062354458792e-05
0.1961743970589244,2.9624318684393924e-05
0.1965310777808497,2.9648074681696206e-05
0.196887758502775,2.9671891727600826e-05
0.19724443922470034,2.9695770013163284e-05
0.19760111994662566,2.971970972612556e-05
0.19795780066855098,2.974371104997756e-05
0.19831448139047628,2.976777416588543e-05
0.1986711621124016,2.9791899253314702e-05
0.19902784283432692,2.981608648779747e-05
0.19938452355625225,2.9840336040206955e-05
0.19974120427817754,2.986464808102464e-05
0.20009788500010287,2.9889022776921863e-05
0.2004545657220282,2.9913460288526657e-05
0.2008112464439535,2.9937960776297027e-05
0.20116792716587883,2.996252439682379e-05
0.20152460788780413,2.998715130167846e-05
0.20188128860972945,3.001184163897393e-05
0.20223796933165478,3.003659555505869e-05
0.2025946500535801,3.006141319139427e-05
0.2029513307755054,3.0086294682582592e-05
0.20330801149743072,3.0111240163758743e-05
0.20366469221935604,3.0136249764935155e-05
0.20402137294128136,3.0161323608133655e-05
0.2043780536632067,3.0186461814879912e-05
0.20473473438513198,3.0211664502336483e-05
0.2050914151070573,3.0236931781143972e-05
0.20544809582898263,3.026226375673802e-05
0.20580477655090795,3.0287660532995033e-05
0.20616145727283325,3.031312220771586e-05
0.20651813799475857,3.0338648870065944e-05
0.2068748187166839,3.0364240609414306e-05
0.20723149943860922,3.0389897508812966e-05
0.20758818016053454,3.0415619641012667e-05
0.20794486088245984,3.044140707730859e-05
0.20830154160438516,3.0467259884368665e-05
0.20865822232631048,3.0493178121566177e-05
0.2090149030482358,3.0519161840395344e-05
0.2093715837701611,3.054521108836349e-05
0.20972826449208642,3.057132590453126e-05
0.21008494521401175,3.0597506322162316e-05
0.21044162593593707,3.062375236795044e-05
0.2107983066578624,3.065006406206504e-05
0.2111549873797877,3.067644141759318e-05
0.211511668101713,3.070288444017536e-05
0.21186834882363834,3.0729393127528e-05
0.21222502954556366,3.0755967469977984e-05
0.21258171026748895,3.078260744976093e-05
0.21293839098941428,3.0809313041082635e-05
0.2132950717113396,3.083608420999905e-05
0.21365175243326492,3.086292091381142e-05
0.21400843315519025,3.0889823100788233e-05
0.21436511387711554,3.091679071013249e-05
0.21472179459904087,3.0943823671176144e-05
0.2150784753209662,3.097092190545606e-05
0.2154351560428915,3.099808532217095e-05
0.2157918367648168,3.102531382210891e-05
0.21614851748674213,3.1052607298067026e-05
0.21650519820866745,3.1079965625138394e-05
0.21686187893059278,3.110738867516972e-05
0.2172185596525181,3.1134876306505635e-05
0.2175752403744434,3.116242836104403e-05
0.21793192109636872,3.1190044676028195e-05
0.21828860181829404,3.121772507244933e-05
0.21864528254021937,3.124546935721428e-05
0.21900196326214466,3.12732773296889e-05
0.21935864398406998,3.130114877005059e-05
0.2197153247059953,3.132908344798751e-05
0.22007200542792063,3.13570811215898e-05
0.22042868614984595,3.1385141526804035e-05
0.22078536687177125,3.141326439339869e-05
0.22114204759369657,3.1441449433271516e-05
0.2214987283156219,3.1469696337797014e-05
0.22185540903754722,3.149800479057774e-05
0.22221208975947254,3.152637445361413e-05
0.22256877048139784,3.155480497095865e-05
0.22292545120332316,3.158329597582555e-05
0.22328213192524848,3.161184707528182e-05
0.2236388126471738,3.164045786350248e-05
0.2239954933690991,3.1669127918088886e-05
0.22435217409102443,3.169785678754568e-05
0.22470885481294975,3.172664401193863e-05
0.22506553553487507,3.175548910708482e-05
0.2254222162568004,3.1784391562237e-05
0.2257788969787257,3.181335085563749e-05
0.226135577700651,3.1842366436419596e-05
0.22649225842257634,3.187143773090852e-05
0.22684893914450166,3.1900564150107756e-05
0.22720561986642696,3.1929745069915356e-05
0.22756230058835228,3.195897985044698e-05
0.2279189813102776,3.1988267828336426e-05
0.22827566203220293,3.201760830319553e-05
0.22863234275412825,3.204700056247474e-05
0.22898902347605354,3.207644386142162e-05
0.22934570419797887,3.210593742156147e-05
0.2297023849199042,3.213548044877764e-05
0.2300590656418295,3.2165072110198754e-05
0.2304157463637548,3.219471154434649e-05
0.23077242708568013,3.222439786847147e-05
0.23112910780760546,3.2254130154387586e-05
0.23148578852953078,3.228390745427854e-05
0.2318424692514561,3.2313728787854366e-05
0.2321991499733814,3.2343593128837134e-05
0.23255583069530672,3.2373499433617784e-05
0.23291251141723204,3.240344661957723e-05
0.23326919213915737,3.243343356236253e-05
0.23362587286108266,3.2463459104673926e-05
0.23398255358300799,3.249352205033986e-05
0.2343392343049333,3.252362116659337e-05
0.23469591502685863,3.2553755183116025e-05
0.23505259574878395,3.258392279042207e-05
0.23540927647070925,3.261412263950984e-05
0.23576595719263457,3.264435334010096e-05
0.2361226379145599,3.267461345815981e-05
0.23647931863648522,3.270490151922172e-05
0.23683599935841051,3.273521600392198e-05
0.23719268008033584,3.276555535046962e-05
0.23754936080226116,3.279591795221982e-05
0.23790604152418648,3.2826302157582e-05
0.2382627222461118,3.285670626679719e-05
0.2386194029680371,3.288712853171724e-05
0.23897608368996243,3.291756715738789e-05
0.23933276441188775,3.2948020302549115e-05
0.23968944513381307,3.297848607595723e-05
0.24004612585573837,3.300896253464807e-05
0.2404028065776637,3.30394476848724e-05
0.24075948729958901,3.306993948357514e-05
0.24111616802151434,3.3100435836294895e-05
0.24147284874343966,3.3130934595136405e-05
0.24182952946536496,3.3161433558647476e-05
0.24218621018729028,3.319193047262614e-05
0.2425428909092156,3.322242303070841e-05
0.24289957163114093,3.325290887239343e-05
0.24325625235306622,3.3283385581088366e-05
0.24361293307499154,3.331385068549241e-05
0.24396961379691687,3.334430166173127e-05
0.2443262945188422,3.3374735931381186e-05
0.24468297524076751,3.340515085981369e-05
0.2450396559626928,3.3435543756719644e-05
0.24539633668461813,3.346591187844254e-05
0.24575301740654346,3.349625242821854e-05
0.24610969812846878,3.352656255505971e-05
0.24646637885039407,3.355683935304509e-05
0.2468230595723194,3.358707986330547e-05
0.24717974029424472,3.361728107576602e-05
0.24753642101617004,3.364743992920364e-05
0.24789310173809537,3.367755331148906e-05
0.24824978246002066,3.3707618060791946e-05
0.24860646318194599,3.3737630967196825e-05
0.2489631439038713,3.3767588774210644e-05
0.24931982462579663,3.379748818019891e-05
0.24967650534772196,3.382732583986843e-05
0.25003318606964725,3.3857098366118823e-05
0.2503898667915726,3.3886802332180634e-05
0.2507465475134979,3.391643427433333e-05
0.2511032282354232,3.3945990693337046e-05
0.25145990895734854,3.397546805859753e-05
0.25181658967927384,3.400486280650454e-05
0.25217327040119913,3.403417135037197e-05
0.2525299511231245,3.4063390076573834e-05
0.2528866318450498,3.409251535441713e-05
0.25324331256697513,3.41215435354489e-05
0.2535999932889004,3.4150470959137116e-05
0.2539566740108257,3.417929395615571e-05
0.2543133547327511,3.420800885223278e-05
0.25467003545467637,3.4236611973331584e-05
0.2550267161766017,3.426509964945762e-05
0.255383396898527,3.429346822026944e-05
0.2557400776204523,3.4321714040164505e-05
0.25609675834237766,3.4349833482678884e-05
0.25645343906430296,3.437782294714363e-05
0.2568101197862283,3.440567886305015e-05
0.2571668005081536,3.4433397696620604e-05
0.2575234812300789,3.4460975956315016e-05
0.25788016195200425,3.448841019875825e-05
0.25823684267392955,3.451569703560003e-05
0.25859352339585484,3.454283313884414e-05
0.2589502041177802,3.45698152482914e-05
0.2593068848397055,3.459664017717475e-05
0.25966356556163084,3.462330481909697e-05
0.26002024628355613,3.464980615440898e-05
0.26037692700548143,3.46761412566345e-05
0.2607336077274068,3.470230729929863e-05
0.2610902884493321,3.472830156224349e-05
0.2614469691712574,3.475412143836068e-05
0.2618036498931827,3.477976443959115e-05
0.262160330615108,3.480522820353747e-05
0.26251701133703337,3.483051049850659e-05
0.26287369205895866,3.485560923045006e-05
0.263230372780884,3.488052244687735e-05
0.2635870535028093,3.4905248345110215e-05
0.2639437342247346,3.492978527626125e-05
0.26430041494665996,3.49541317487359e-05
0.26465709566858525,3.4978286431663947e-05
0.2650137763905106,3.5002248160045974e-05
0.2653704571124359,3.5026015942834644e-05
0.2657271378343612,3.50495889621526e-05
0.26608381855628654,3.5072966571269846e-05
0.26644049927821184,3.509614830254349e-05
0.26679718000013714,3.511913387308218e-05
0.2671538607220625,3.5141923178690294e-05
0.2675105414439878,3.516451629213242e-05
0.26786722216591313,3.518691347095762e-05
0.26822390288783843,3.520911515894169e-05
0.2685805836097637,3.5231121974042095e-05
0.2689372643316891,3.5252934708380744e-05
0.26929394505361437,3.527455434018466e-05
0.2696506257755397,3.529598201411101e-05
0.270007306497465,3.531721904286122e-05
0.2703639872193903,3.5338266912704415e-05
0.27072066794131566,3.535912726110395e-05
0.27107734866324096,3.537980188468556e-05
0.2714340293851663,3.5400292736228494e-05
0.2717907101070916,3.5420601898790625e-05
0.2721473908290169,3.5440731604749865e-05
0.27250407155094225,3.5460684211238986e-05
0.27286075227286755,3.5480462196856606e-05
0.27321743299479284,3.5500068156574096e-05
0.2735741137167182,3.551950479009672e-05
0.2739307944386435,3.553877489600883e-05
0.27428747516056884,3.5557881360498796e-05
0.27464415588249413,3.557682715029859e-05
0.27500083660441943,3.5595615303120284e-05
0.2753575173263448,3.561424891779914e-05
0.2757141980482701,3.563273114531353e-05
0.2760708787701954,3.565106517969463e-05
0.2764275594921207,3.56692542486847e-05
0.276784240214046,3.568730160442724e-05
0.27714092093597137,3.570521051439053e-05
0.27749760165789666,3.572298425237117e-05
0.277854282379822,3.574062608981969e-05
0.2782109631017473,3.575813928733901e-05
0.2785676438236726,3.5775527086735805e-05
0.27892432454559796,3.579279270303197e-05
0.27928100526752325,3.5809939316765776e-05
0.27963768598944855,3.582697006681691e-05
0.2799943667113739,3.584388804350667e-05
0.2803510474332992,3.586069628251021e-05
0.28070772815522455,3.587739775893981e-05
0.28106440887714984,3.5893995381712916e-05
0.28142108959907514,3.5910491988469e-05
0.2817777703210005,3.592689034086738e-05
0.2821344510429258,3.594319312063851e-05
0.28249113176485113,3.5959402926065816e-05
0.28284781248677643,3.5975522268725975e-05
0.2832044932087017,3.5991553570710655e-05
0.2835611739306271,3.600749916227055e-05
0.28391785465255237,3.6023361280040834e-05
0.2842745353744777,3.603914206581416e-05
0.284631216096403,3.6054843565547565e-05
0.2849878968183283,3.607046772874071e-05
0.28534457754025366,3.608601640820337e-05
0.28570125826217896,3.6101491360202335e-05
0.28605793898410425,3.611689424514137e-05
0.2864146197060296,3.613222662842692e-05
0.2867713004279549,3.6147489981591384e-05
0.28712798114988025,3.616268568371669e-05
0.28748466187180555,3.6177815023056175e-05
0.28784134259373084,3.6192879199089144e-05
0.2881980233156562,3.6207879324691024e-05
0.2885547040375815,3.6222816428464175e-05
0.28891138475950684,3.623769145723492e-05
0.28926806548143214,3.62525052786582e-05
0.28962474620335743,3.626725868405329e-05
0.2899814269252828,3.6281952391324456e-05
0.2903381076472081,3.629658704794756e-05
0.29069478836913343,3.631116323400042e-05
0.2910514690910587,3.632568146523908e-05
0.291408149812984,3.634014219622712e-05
0.29176483053490937,3.635454582350692e-05
0.29212151125683467,3.636889268877114e-05
0.29247819197876,3.63831830819914e-05
0.2928348727006853,3.6397417244529465e-05
0.2931915534226106,3.64115953722052e-05
0.29354823414453596,3.642571761833359e-05
0.29390491486646125,3.643978409673769e-05
0.29426159558838655,3.645379488465625e-05
0.2946182763103119,3.6467750025496674e-05
0.2949749570322372,3.648164953188596e-05
0.29533163775416255,3.649549338779464e-05
0.29568831847608784,3.650928155215919e-05
0.29604499919801314,3.652301395993637e-05
0.2964016799199385,3.653669052617606e-05
0.2967583606418638,3.6550311146592196e-05
0.29711504136378913,3.656387570139404e-05
0.29747172208571443,3.6577384055980986e-05
0.2978284028076397,3.659083606417787e-05
0.2981850835295651,3.6604231569129354e-05
0.29854176425149037,3.661757040597729e-05
0.2988984449734157,3.663085240283931e-05
0.299255125695341,3.6644077382991294e-05
0.2996118064172663,3.6657245165971425e-05
0.29996848713919166,3.667035556917759e-05
0.30032516786111696,3.668340840924689e-05
0.30068184858304225,3.6696403502944296e-05
0.3010385293049676,3.670934066893118e-05
0.3013952100268929,3.672221972790845e-05
0.30175189074881825,3.673504050473716e-05
0.30210857147074355,3.674780282807568e-05
0.30246525219266884,3.676050653244043e-05
0.3028219329145942,3.6773151457756386e-05
0.3031786136365195,3.678573745114647e-05
0.30353529435844484,3.6798264366482694e-05
0.30389197508037014,3.681073206587675e-05
0.30424865580229543,3.682314041930519e-05
0.3046053365242208,3.683548930576031e-05
0.3049620172461461,3.6847778613014566e-05
0.30531869796807143,3.6860008238402496e-05
0.3056753786899967,3.687217808875086e-05
0.306032059411922,3.688428808079266e-05
0.30638874013384737,3.689633814127278e-05
0.30674542085577267,3.690832820701152e-05
0.30710210157769796,3.692025822519822e-05
0.3074587822996233,3.693212815312705e-05
0.3078154630215486,3.69439379586599e-05
0.30817214374347396,3.69556876197424e-05
0.30852882446539925,3.696737712485981e-05
0.30888550518732455,3.697900647252009e-05
0.3092421859092499,3.69905756716047e-05
0.3095988666311752,3.700208474087234e-05
0.30995554735310055,3.7013533709194616e-05
0.31031222807502584,3.7024922615119486e-05
0.31066890879695114,3.70362515069681e-05
0.3110255895188765,3.7047520442467334e-05
0.3113822702408018,3.705872948872868e-05
0.31173895096272713,3.706987872193765e-05
0.31209563168465243,3.708096822723773e-05
0.3124523124065777,3.709199809847316e-05
0.3128089931285031,3.7102968437989054e-05
0.31316567385042837,3.711387935642268e-05
0.3135223545723537,3.7124730972436e-05
0.313879035294279,3.713552341254276e-05
0.3142357160162043,3.714625681080394e-05
0.31459239673812966,3.715693130865921e-05
0.31494907746005496,3.7167547054627406e-05
0.31530575818198026,3.717810420411441e-05
0.3156624389039056,3.718860291913825e-05
0.3160191196258309,3.719904336811255e-05
0.31637580034775625,3.7209425725591555e-05
0.31673248106968155,3.7219750172040214e-05
0.31708916179160684,3.723001689359421e-05
0.3174458425135322,3.7240226081825416e-05
0.3178025232354575,3.7250377933514444e-05
0.31815920395738284,3.726047265041814e-05
0.31851588467930814,3.727051043904847e-05
0.31887256540123343,3.7280491510451055e-05
0.3192292461231588,3.7290416079980654e-05
0.3195859268450841,3.730028436710249e-05
0.31994260756700943,3.73100965951554e-05
0.3202992882889347,3.7319852991187144e-05
0.32065596901086,3.7329553785700403e-05
0.32101264973278537,3.7339199212519706e-05
0.32136933045471067,3.734878950853408e-05
0.32172601117663596,3.7358324913576686e-05
0.3220826918985613,3.7367805670178335e-05
0.3224393726204866,3.7377232023450825e-05
0.32279605334241196,3.738660422085815e-05
0.32315273406433725,3.739592251210121e-05
0.32350941478626255,3.7405187148908545e-05
0.3238660955081879,3.741439838492068e-05
0.3242227762301132,3.742355647550318e-05
0.32457945695203855,3.7432661677624364e-05
0.32493613767396384,3.744171424969673e-05
0.32529281839588914,3.745071445144149e-05
0.3256494991178145,3.74596625437651e-05
0.3260061798397398,3.746855878860486e-05
0.32636286056166514,3.747740344884622e-05
0.32671954128359043,3.748619678814604e-05
0.3270762220055157,3.7494939070882515e-05
0.3274329027274411,3.750363056197656e-05
0.3277895834493664,3.751227152684927e-05
0.32814626417129167,3.7520862231257265e-05
0.328502944893217,3.7529402941251186e-05
0.3288596256151423,3.753789392302685e-05
0.32921630633706767,3.754633544288393e-05
0.32957298705899296,3.755472776709361e-05
0.32992966778091826,3.756307116185415e-05
0.3302863485028436,3.7571365893177996e-05
0.3306430292247689,3.757961222683995e-05
0.33099970994669425,3.7587810428287085e-05
0.33135639066861955,3.759596076257658e-05
0.33171307139054484,3.760406349431043e-05
0.3320697521124702,3.7612118887560724e-05
0.3324264328343955,3.762012720583042e-05
0.33278311355632084,3.762808871196462e-05
0.33313979427824614,3.7636003668133604e-05
0.33349647500017143,3.764387233573914e-05
0.3338531557220968,3.765169497540716e-05
0.3342098364440221,3.765947184690377e-05
0.3345665171659474,3.766720320913827e-05
0.3349231978878727,3.7674889320039714e-05
0.335279878609798,3.768253043659e-05
0.33563655933172337,3.769012681481788e-05
0.33599324005364867,3.76976787095798e-05
0.33634992077557396,3.7705186374754516e-05
0.3367066014974993,3.771265006314251e-05
0.3370632822194246,3.7720070026272444e-05
0.33741996294134996,3.772744651465336e-05
0.33777664366327526,3.77347797775678e-05
0.33813332438520055,3.77420700630215e-05
0.3384900051071259,3.7749317617903116e-05
0.3388466858290512,3.7756522687770354e-05
0.33920336655097655,3.776368551690328e-05
0.33956004727290184,3.7770806348367105e-05
0.33991672799482714,3.777788542383829e-05
0.3402734087167525,3.7784922983689135e-05
0.3406300894386778,3.779191926702063e-05
0.34098677016060314,3.7798874511500703e-05
0.34134345088252843,3.780578895347235e-05
0.3417001316044537,3.781266282796376e-05
0.3420568123263791,3.781949636854731e-05
0.3424134930483044,3.782628980745877e-05
0.34277017377022967,3.7833043375568655e-05
0.343126854492155,3.783975730229936e-05
0.3434835352140803,3.784643181572048e-05
0.34384021593600567,3.785306714249565e-05
0.34419689665793096,3.7859663507855495e-05
0.34455357737985626,3.7866221135668384e-05
0.3449102581017816,3.787274024836901e-05
0.3452669388237069,3.7879221066972665e-05
0.34562361954563225,3.788566381113801e-05
0.34598030026755755,3.789206869906692e-05
0.34633698098948285,3.789843594756693e-05
0.3466936617114082,3.790476577208162e-05
0.3470503424333335,3.7911058386609956e-05
0.34740702315525884,3.7917314003769786e-05
0.34776370387718414,3.7923532834811954e-05
0.34812038459910943,3.7929715089565316e-05
0.3484770653210348,3.793586097649232e-05
0.3488337460429601,3.7941970702689834e-05
0.3491904267648854,3.794804447385931e-05
0.3495471074868107,3.7954082494353535e-05
0.349903788208736,3.796008496716719e-05
0.3502604689306614,3.7966052093927095e-05
0.35061714965258667,3.7971984074933316e-05
0.35097383037451196,3.797788110913958e-05
0.3513305110964373,3.798374339416126e-05
0.3516871918183626,3.7989571126311715e-05
0.35204387254028796,3.7995364500572694e-05
0.35240055326221326,3.8001123710621246e-05
0.35275723398413855,3.800684894885239e-05
0.3531139147060639,3.801254040635603e-05
0.3534705954279892,3.801819827294711e-05
0.35382727614991455,3.802382273717941e-05
0.35418395687183984,3.802941398633346e-05
0.35454063759376514,3.803497220644296e-05
0.3548973183156905,3.8040497582304456e-05
0.3552539990376158,3.8045990297473486e-05
0.3556106797595411,3.8051450534287996e-05
0.35596736048146643,3.8056878473874674e-05
0.35632404120339173,3.8062274296151875e-05
0.3566807219253171,3.806763817985012e-05
0.3570374026472424,3.807297030251603e-05
0.35739408336916767,3.807827084052089e-05
0.357750764091093,3.808353996907798e-05
0.3581074448130183,3.808877786224541e-05
0.35846412553494367,3.809398469293892e-05
0.35882080625686896,3.8099160632945424e-05
0.35917748697879426,3.8104305852927525e-05
0.3595341677007196,3.810942052243727e-05
0.3598908484226449,3.811450480992701e-05
0.36024752914457026,3.8119558882756947e-05
0.36060420986649555,3.8124582907207145e-05
0.36096089058842085,3.812957704848709e-05
0.3613175713103462,3.813454147074651e-05
0.3616742520322715,3.813947633708515e-05
0.3620309327541968,3.814438180956288e-05
0.36238761347612214,3.8149258049203896e-05
0.36274429419804743,3.8154105216019803e-05
0.3631009749199728,3.815892346901037e-05
0.3634576556418981,3.816371296617606e-05
0.3638143363638234,3.8168473864532274e-05
0.3641710170857487,3.8173206320113374e-05
0.364527697807674,3.817791048798476e-05
0.3648843785295994,3.818258652225467e-05
0.36524105925152467,3.818723457606923e-05
0.36559773997344996,3.8191854801626333e-05
0.3659544206953753,3.8196447350216906e-05
0.3663111014173006,3.820101237220147e-05
0.36666778213922596,3.820555001702579e-05
0.36702446286115126,3.821006043320921e-05
0.36738114358307655,3.821454376840925e-05
0.3677378243050019,3.821900016938812e-05
0.3680945050269272,3.8223429782033546e-05
0.36845118574885255,3.822783275134726e-05
0.36880786647077785,3.823220922149278e-05
0.36916454719270314,3.823655933578305e-05
0.3695212279146285,3.824088323669059e-05
0.3698779086365538,3.824518106584144e-05
0.3702345893584791,3.824945296403965e-05
0.37059127008040443,3.825369907129155e-05
0.37094795080232973,3.825791952679126e-05
0.3713046315242551,3.8262114468927596e-05
0.3716613122461804,3.826628403527443e-05
0.37201799296810567,3.8270428362663596e-05
0.372374673690031,3.827454758713946e-05
0.3727313544119563,3.827864184398212e-05
0.37308803513388167,3.8282711267673296e-05
0.37344471585580696,3.82867559919909e-05
0.37380139657773226,3.829077614995522e-05
0.3741580772996576,3.8294771873852015e-05
0.3745147580215829,3.829874329521757e-05
0.37487143874350826,3.830269054487773e-05
0.37522811946543355,3.830661375295543e-05
0.37558480018735885,3.831051304886185e-05
0.3759414809092842,3.831438856129769e-05
0.3762981616312095,3.831824041825575e-05
0.3766548423531348,3.832206874707421e-05
0.37701152307506014,3.832587367440113e-05
0.37736820379698544,3.832965532621074e-05
0.3777248845189108,3.833341382777238e-05
0.3780815652408361,3.8337149303744744e-05
0.3784382459627614,3.834086187811687e-05
0.37879492668468673,3.8344551674232085e-05
0.379151607406612,3.834821881476238e-05
0.3795082881285374,3.8351863421768706e-05
0.37986496885046267,3.835548561668579e-05
0.38022164957238797,3.835908552032118e-05
0.3805783302943133,3.836266325285054e-05
0.3809350110162386,3.83662189338319e-05
0.38129169173816396,3.8369752682240074e-05
0.38164837246008926,3.8373264616440386e-05
0.38200505318201455,3.8376754854198665e-05
0.3823617339039399,3.838022351266391e-05
0.3827184146258652,3.8383670708438375e-05
0.3830750953477905,3.8387096557532074e-05
0.38343177606971585,3.839050117538217e-05
0.38378845679164114,3.839388467682228e-05
0.3841451375135665,3.839724717615679e-05
0.3845018182354918,3.840058878712362e-05
0.3848584989574171,3.8403909622904775e-05
0.38521517967934243,3.840720979611364e-05
0.38557186040126773,3.841048941882136e-05
0.3859285411231931,3.841374860257362e-05
0.3862852218451184,3.8416987458372455e-05
0.38664190256704367,3.8420206096680684e-05
0.386998583288969,3.8423404627415545e-05
0.3873552640108943,3.8426583159999654e-05
0.38771194473281967,3.8429741803325845e-05
0.38806862545474496,3.843288066577222e-05
0.38842530617667026,3.843599985517359e-05
0.3887819868985956,3.843909947889527e-05
0.3891386676205209,3.844217964378649e-05
0.3894953483424462,3.844524045619772e-05
0.38985202906437155,3.844828202196321e-05
0.39020870978629685,3.845130444643651e-05
0.3905653905082222,3.84543078344895e-05
0.3909220712301475,3.845729229050441e-05
0.3912787519520728,3.8460257918372546e-05
0.39163543267399814,3.846320482149742e-05
0.39199211339592344,3.846613310282886e-05
0.3923487941178488,3.846904286483707e-05
0.3927054748397741,3.847193420952218e-05
0.3930621555616994,3.8474807238396365e-05
0.39341883628362473,3.847766205253896e-05
0.39377551700555,3.84804987525604e-05
0.3941321977274754,3.848331743861588e-05
0.39448887844940067,3.8486118210368866e-05
0.39484555917132597,3.8488901167071915e-05
0.3952022398932513,3.849166640752947e-05
0.3955589206151766,3.849441403009861e-05
0.39591560133710196,3.849714413269787e-05
0.39627228205902726,3.8499856812810946e-05
0.39662896278095255,3.850255216744806e-05
0.3969856435028779,3.850523029311066e-05
0.3973423242248032,3.8507891286039326e-05
0.3976990049467285,3.8510535241977844e-05
0.39805568566865385,3.851316225624793e-05
0.39841236639057914,3.851577242375277e-05
0.3987690471125045,3.851836583898021e-05
0.3991257278344298,3.852094259584131e-05
0.3994824085563551,3.8523502787989286e-05
0.39983908927828044,3.8526046508681736e-05
0.40019577000020573,3.852857385072815e-05
0.4005524507221311,3.8531084906532184e-05
0.4009091314440564,3.853357976809439e-05
0.4012658121659817,3.853605852697009e-05
0.401622492887907,3.85385212741535e-05
0.4019791736098323,3.854096810052714e-05
0.40233585433175767,3.8543399096455184e-05
0.40269253505368297,3.8545814351905053e-05
0.40304921577560826,3.854821395644967e-05
0.4034058964975336,3.8550597999269964e-05
0.4037625772194589,3.855296656907022e-05
0.4041192579413842,3.8555319754227835e-05
0.40447593866330955,3.855765764276642e-05
0.40483261938523485,3.855998032229193e-05
0.4051893001071602,3.856228788002548e-05
0.4055459808290855,3.856458040280552e-05
0.4059026615510108,3.856685797708272e-05
0.40625934227293614,3.8569120688875746e-05
0.40661602299486144,3.8571368623908945e-05
0.4069727037167868,3.857360186749697e-05
0.4073293844387121,3.8575820504579904e-05
0.4076860651606374,3.857802461972535e-05
0.40804274588256273,3.858021429713027e-05
0.408399426604488,3.858238962057206e-05
0.4087561073264134,3.858455067348246e-05
0.40911278804833867,3.858669753896623e-05
0.40946946877026397,3.858883029973676e-05
0.4098261494921893,3.859094903814335e-05
0.4101828302141146,3.859305383617307e-05
0.4105395109360399,3.859514477544785e-05
0.41089619165796526,3.8597221937119646e-05
0.41125287237989055,3.859928540214086e-05
0.4116095531018159,3.860133525104312e-05
0.4119662338237412,3.860337156400076e-05
0.4123229145456665,3.8605394420832306e-05
0.41267959526759185,3.860740390100191e-05
0.41303627598951714,3.860940008358274e-05
0.4133929567114425,3.861138304729826e-05
0.4137496374333678,3.8613352870569866e-05
0.4141063181552931,3.8615309631441284e-05
0.41446299887721844,3.861725340760667e-05
0.41481967959914373,3.861918427641185e-05
0.4151763603210691,3.862110231485572e-05
0.4155330410429944,3.862300759954394e-05
0.4158897217649197,3.8624900206800536e-05
0.416246402486845,3.862678021258303e-05
0.4166030832087703,3.862864769250459e-05
0.4169597639306956,3.863050272183642e-05
0.41731644465262097,3.8632345375508905e-05
0.41767312537454626,3.8634175728096154e-05
0.4180298060964716,3.863599385382599e-05
0.4183864868183969,3.863779982662193e-05
0.4187431675403222,3.86395937200539e-05
0.41909984826224755,3.864137560735568e-05
0.41945652898417285,3.864314556142604e-05
0.4198132097060982,3.864490365482982e-05
0.4201698904280235,3.8646649959755005e-05
0.4205265711499488,3.864838454811021e-05
0.42088325187187414,3.865010749145976e-05
0.42123993259379944,3.865181886103283e-05
0.4215966133157248,3.865351872772866e-05
0.4219532940376501,3.8655207162117574e-05
0.4223099747595754,3.865688423443059e-05
0.42266665548150073,3.865855001455792e-05
0.423023336203426,3.866020457209788e-05
0.4233800169253514,3.8661847976307114e-05
0.42373669764727667,3.866348029611722e-05
0.42409337836920197,3.866510160013566e-05
0.4244500590911273,3.866671195664668e-05
0.4248067398130526,3.8668311433593076e-05
0.4251634205349779,3.866990009861607e-05
0.42552010125690326,3.867147801903463e-05
0.42587678197882856,3.86730452618441e-05
0.4262334627007539,3.8674601893720516e-05
0.4265901434226792,3.8676147981021493e-05
0.4269468241446045,3.867768358978292e-05
0.42730350486652985,3.8679208785713944e-05
0.42766018558845514,3.868072363422717e-05
0.4280168663103805,3.8682228200411394e-05
0.4283735470323058,3.868372254904083e-05
0.4287302277542311,3.8685206744575927e-05
0.42908690847615644,3.8686680851164254e-05
0.42944358919808173,3.868814493263028e-05
0.4298002699200071,3.8689599052496494e-05
0.4301569506419324,3.8691043273976836e-05
0.4305136313638577,3.8692477659972144e-05
0.430870312085783,3.8693902273074096e-05
0.4312269928077083,3.8695317175565964e-05
0.4315836735296336,3.86967224294205e-05
0.43194035425155897,3.869811809629077e-05
0.43229703497348426,3.8699504237547756e-05
0.4326537156954096,3.870088091424712e-05
0.4330103964173349,3.870224818714007e-05
0.4333670771392602,3.870360611667424e-05
0.43372375786118555,3.870495476299441e-05
0.43408043858311085,3.8706294185943406e-05
0.4344371193050362,3.8707624445062885e-05
0.4347938000269615,3.87089455995942e-05
0.4351504807488868,3.8710257708466085e-05
0.43550716147081214,3.871156083030072e-05
0.43586384219273744,3.871285502345819e-05
0.4362205229146628,3.871414034598288e-05
0.4365772036365881,3.8715416855622575e-05
0.4369338843585134,3.8716684609829256e-05
0.43729056508043873,3.8717943665759936e-05
0.437647245802364,3.871919408027746e-05
0.4380039265242893,3.8720435909951305e-05
0.4383606072462147,3.87216692110584e-05
0.43871728796813997,3.8722894039558416e-05
0.4390739686900653,3.872411045113417e-05
0.4394306494119906,3.8725318501202516e-05
0.4397873301339159,3.872651824487356e-05
0.44014401085584126,3.872770973696832e-05
0.44050069157776656,3.872889303201967e-05
0.4408573722996919,3.8730068184272996e-05
0.4412140530216172,3.8731235247687086e-05
0.4415707337435425,3.873239427593485e-05
0.44192741446546785,3.873354532240413e-05
0.44228409518739314,3.873468844018873e-05
0.4426407759093185,3.873582368210992e-05
0.4429974566312438,3.873695110070676e-05
0.4433541373531691,3.873807074823344e-05
0.44371081807509444,3.873918267666279e-05
0.44406749879701973,3.874028693768723e-05
0.4444241795189451,3.874138358271942e-05
0.4447808602408704,3.8742472662893135e-05
0.4451375409627957,3.874355422906399e-05
0.445494221684721,3.874462833181024e-05
0.4458509024066463,3.874569502146366e-05
0.4462075831285716,3.8746754348036454e-05
0.44656426385049697,3.874780636128e-05
0.44692094457242226,3.874885111067417e-05
0.4472776252943476,3.874988864542571e-05
0.4476343060162729,3.875091901446905e-05
0.4479909867381982,3.8751942266467064e-05
0.44834766746012356,3.875295844981191e-05
0.44870434818204885,3.87539676126258e-05
0.4490610289039742,3.8754969802766266e-05
0.4494177096258995,3.875596506786784e-05
0.4497743903478248,3.875695345521797e-05
0.45013107106975014,3.875793501187205e-05
0.45048775179167544,3.875890978462012e-05
0.4508444325136008,3.8759877819987583e-05
0.4512011132355261,3.8760839164236114e-05
0.4515577939574514,3.876179386336435e-05
0.45191447467937673,3.8762741963108885e-05
0.452271155401302,3.876368350894495e-05
0.4526278361232273,3.876461854610101e-05
0.4529845168451527,3.876554711956841e-05
0.45334119756707797,3.876646927401911e-05
0.4536978782890033,3.87673850538965e-05
0.4540545590109286,3.876829450338726e-05
0.4544112397328539,3.876919766642232e-05
0.45476792045477926,3.877009458667758e-05
0.45512460117670456,3.8770985307574866e-05
0.4554812818986299,3.877186987228274e-05
0.4558379626205552,3.877274832371728e-05
0.4561946433424805,3.8773620704564586e-05
0.45655132406440585,3.877448705725727e-05
0.45690800478633115,3.8775347423943104e-05
0.4572646855082565,3.877620184654175e-05
0.4576213662301818,3.877705036672518e-05
0.4579780469521071,3.8777893025918525e-05
0.45833472767403244,3.877872986530101e-05
0.45869140839595773,3.8779560925806694e-05
0.45904808911788303,3.8780386248125516e-05
0.4594047698398084,3.8781205872704e-05
0.4597614505617337,3.878201983977561e-05
0.460118131283659,3.878282818930611e-05
0.4604748120055843,3.878363096100812e-05
0.4608314927275096,3.878442819436809e-05
0.46118817344943497,3.8785219928633914e-05
0.46154485417136026,3.878600620281592e-05
0.4619015348932856,3.878678705568763e-05
0.4622582156152109,3.8787562525786775e-05
0.4626148963371362,3.8788332651416065e-05
0.46297157705906156,3.878909747064419e-05
0.46332825778098685,3.878985702134381e-05
0.4636849385029122,3.8790611341106515e-05
0.4640416192248375,3.87913604673017e-05
0.4643982999467628,3.879210443707512e-05
0.46475498066868814,3.879284328734335e-05
0.46511166139061344,3.8793577054794715e-05
0.46546834211253874,3.879430577589026e-05
0.4658250228344641,3.8795029486864506e-05
0.4661817035563894,3.879574822372655e-05
0.46653838427831473,3.8796462022261106e-05
0.46689506500024003,3.8797170918069406e-05
0.4672517457221653,3.879787494646608e-05
0.4676084264440907,3.879857414257083e-05
0.46796510716601597,3.879926854128278e-05
0.4683217878879413,3.879995817728139e-05
0.4686784686098666,3.8800643085027424e-05
0.4690351493317919,3.880132329876389e-05
0.46939183005371726,3.880199885251687e-05
0.46974851077564256,3.8802669780096564e-05
0.4701051914975679,3.8803336115103145e-05
0.4704618722194932,3.880399789094092e-05
0.4708185529414185,3.880465514076332e-05
0.47117523366334385,3.8805307897528835e-05
0.47153191438526915,3.8805956193985006e-05
0.4718885951071945,3.8806600062669334e-05
0.4722452758291198,3.8807239535910194e-05
0.4726019565510451,3.8807874645827786e-05
0.47295863727297044,3.8808505424335134e-05
0.47331531799489573,3.8809131903138965e-05
0.47367199871682103,3.880975411374688e-05
0.4740286794387464,3.881037208746517e-05
0.4743853601606717,3.881098585538052e-05
0.474742040882597,3.8811595448385685e-05
0.4750987216045223,3.881220089717205e-05
0.4754554023264476,3.881280223223053e-05
0.47581208304837297,3.881339948385263e-05
0.47616876377029826,3.8813992682131275e-05
0.4765254444922236,3.881458185696183e-05
0.4768821252141489,3.881516703804299e-05
0.4772388059360742,3.881574825488167e-05
0.47759548665799956,3.8816325536787775e-05
0.47795216737992485,3.881689891287401e-05
0.4783088481018502,3.881746841206276e-05
0.4786655288237755,3.881803406308464e-05
0.4790222095457008,3.8818595894479445e-05
0.47937889026762615,3.881915393459702e-05
0.47973557098955144,3.88197082115983e-05
0.48009225171147674,3.882025875345625e-05
0.4804489324334021,3.8820805587956766e-05
0.4808056131553274,3.882134874269764e-05
0.48116229387725273,3.882188824509385e-05
0.48151897459917803,3.882242412237628e-05
0.4818756553211033,3.8822956401591965e-05
0.4822323360430287,3.882348510960567e-05
0.48258901676495397,3.88240102731008e-05
0.4829456974868793,3.88245319185804e-05
0.4833023782088046,3.882505007236805e-05
0.4836590589307299,3.882556476060887e-05
0.48401573965265526,3.882607600927042e-05
0.48437242037458056,3.882658384413175e-05
0.4847291010965059,3.882708829081384e-05
0.4850857818184312,3.882758937475711e-05
0.4854424625403565,3.8828087121227294e-05
0.48579914326228185,3.8828581555317197e-05
0.48615582398420715,3.8829072701947724e-05
0.48651250470613244,3.882956058586875e-05
0.4868691854280578,3.883004523166009e-05
0.4872258661499831,3.883052666373245e-05
0.48758254687190844,3.883100490632639e-05
0.48793922759383374,3.883147998349686e-05
0.48829590831575903,3.883195191916515e-05
0.4886525890376844,3.8832420737072945e-05
0.4890092697596097,3.8832886460797315e-05
0.48936595048153503,3.883334911375167e-05
0.4897226312034603,3.883380871918672e-05
0.4900793119253856,3.883426530019134e-05
0.49043599264731097,3.883471887969364e-05
0.49079267336923627,3.8835169480461705e-05
0.4911493540911616,3.883561712509652e-05
0.4915060348130869,3.883606183602873e-05
0.4918627155350122,3.8836503635566166e-05
0.49221939625693756,3.883694254584366e-05
0.49257607697886285,3.8837378588840556e-05
0.49293275770078815,3.8837811786381525e-05
0.4932894384227135,3.883824216013754e-05
0.4936461191446388,3.883866973162681e-05
0.49400279986656415,3.8839094522215635e-05
0.49435948058848944,3.8839516553119443e-05
0.49471616131041474,3.883993584538604e-05
0.4950728420323401,3.884035241991724e-05
0.4954295227542654,3.88407662974938e-05
0.49578620347619073,3.8841177498732756e-05
0.49614288419811603,3.884158604410437e-05
0.4964995649200413,3.884199195393312e-05
0.4968562456419667,3.884239524839856e-05
0.49721292636389197,3.884279594753618e-05
0.4975696070858173,3.884319407123838e-05
0.4979262878077426,3.884358963925536e-05
0.4982829685296679,3.8843982671166105e-05
0.49863964925159326,3.884437318643651e-05
0.49899632997351856,3.884476120440434e-05
0.4993530106954439,3.884514674425535e-05
0.4997096914173692,3.884552982503715e-05
0.5000663721392945,3.884591046566001e-05
0.5004230528612198,3.884628868489782e-05
0.5007797335831452,3.884666450138893e-05
0.5011364143050705,3.8847037933637015e-05
0.5014930950269958,3.884740900001206e-05
0.5018497757489211,3.8847777718706224e-05
0.5022064564708464,3.8848144107839314e-05
0.5025631371927718,3.884850818538774e-05
0.5029198179146971,3.8848869969189886e-05
0.5032764986366224,3.88492294769543e-05
0.5036331793585477,3.884958672626039e-05
0.503989860080473,3.8849941734559455e-05
0.5043465408023983,3.8850294519175414e-05
0.5047032215243237,3.885064509730575e-05
0.505059902246249,3.88509934860215e-05
0.5054165829681743,3.8851339702209936e-05
0.5057732636900996,3.885168376272886e-05
0.5061299444120249,3.885202568427314e-05
0.5064866251339503,3.8852365483414786e-05
0.5068433058558756,3.8852703176603954e-05
0.5071999865778009,3.885303878016965e-05
0.5075566672997261,3.885337231032067e-05
0.5079133480216514,3.8853703783146285e-05
0.5082700287435769,3.885403321461727e-05
0.5086267094655021,3.885436062057544e-05
0.5089833901874274,3.885468601670828e-05
0.5093400709093527,3.885500941866634e-05
0.509696751631278,3.885533084194837e-05
0.5100534323532034,3.8855650301938024e-05
0.5104101130751287,3.885596781390474e-05
0.510766793797054,3.88562833930044e-05
0.5111234745189793,3.885659705428028e-05
0.5114801552409046,3.885690881266375e-05
0.51183683596283,3.8857218682975134e-05
0.5121935166847553,3.88575266799012e-05
0.5125501974066806,3.885783281800941e-05
0.5129068781286059,3.885813711181651e-05
0.5132635588505312,3.8858439575700275e-05
0.5136202395724566,3.8858740223930755e-05
0.5139769202943819,3.885903907067106e-05
0.5143336010163072,3.8859336129978115e-05
0.5146902817382325,3.885963141580346e-05
0.5150469624601578,3.885992494199397e-05
0.5154036431820832,3.886021672229267e-05
0.5157603239040085,3.886050677030241e-05
0.5161170046259338,3.886079509954677e-05
0.5164736853478591,3.886108172347904e-05
0.5168303660697844,3.886136665542781e-05
0.5171870467917097,3.886164990862105e-05
0.5175437275136351,3.886193149618675e-05
0.5179004082355604,3.886221143115367e-05
0.5182570889574857,3.8862489726452074e-05
0.518613769679411,3.8862766394914526e-05
0.5189704504013363,3.8863041449276564e-05
0.5193271311232617,3.886331490212532e-05
0.519683811845187,3.886358676601266e-05
0.5200404925671123,3.886385705339572e-05
0.5203971732890376,3.886412577662249e-05
0.5207538540109629,3.886439294794698e-05
0.5211105347328883,3.886465857952988e-05
0.5214672154548136,3.88649226834393e-05
0.5218238961767389,3.886518527165142e-05
0.5221805768986642,3.886544635605128e-05
0.5225372576205894,3.8865705948433406e-05
0.5228939383425149,3.886596406043432e-05
0.5232506190644401,3.886622070370262e-05
0.5236072997863654,3.8866475889763384e-05
0.5239639805082907,3.886672963004921e-05
0.524320661230216,3.8866981935904986e-05
0.5246773419521414,3.886723281858859e-05
0.5250340226740667,3.886748228927163e-05
0.525390703395992,3.886773035904003e-05
0.5257473841179173,3.886797703889477e-05
0.5261040648398426,3.886822233974552e-05
0.526460745561768,3.886846627236131e-05
0.5268174262836933,3.886870884753084e-05
0.5271741070056186,3.886895007591536e-05
0.5275307877275439,3.8869189968093803e-05
0.5278874684494692,3.886942853456347e-05
0.5282441491713946,3.886966578574063e-05
0.5286008298933199,3.886990173196116e-05
0.5289575106152452,3.887013638348124e-05
0.5293141913371705,3.887036975047794e-05
0.5296708720590958,3.887060184303088e-05
0.5300275527810212,3.8870832671115766e-05
0.5303842335029465,3.887106224470693e-05
0.5307409142248718,3.887129057366482e-05
0.5310975949467971,3.887151766777329e-05
0.5314542756687224,3.8871743536740235e-05
0.5318109563906477,3.887196819019814e-05
0.5321676371125731,3.8872191637704745e-05
0.5325243178344984,3.887241388874367e-05
0.5328809985564237,3.8872634952724984e-05
0.533237679278349,3.887285483895417e-05
0.5335943600002743,3.887307355667152e-05
0.5339510407221997,3.887329111509204e-05
0.534307721444125,3.8873507523330984e-05
0.5346644021660503,3.887372279043241e-05
0.5350210828879756,3.887393692536973e-05
0.5353777636099009,3.887414993704635e-05
0.5357344443318263,3.887436183429616e-05
0.5360911250537516,3.887457262588421e-05
0.5364478057756769,3.8874782320507184e-05
0.5368044864976022,3.887499092674949e-05
0.5371611672195274,3.8875198453170173e-05
0.5375178479414529,3.887540490827705e-05
0.5378745286633781,3.887561030049256e-05
0.5382312093853034,3.887581463817309e-05
0.5385878901072287,3.8876017929609374e-05
0.538944570829154,3.887622018302717e-05
0.5393012515510794,3.887642140658772e-05
0.5396579322730047,3.88766216083883e-05
0.54001461299493,3.887682079646286e-05
0.5403712937168553,3.8877018978724666e-05
0.5407279744387806,3.887721616310236e-05
0.541084655160706,3.8877412357445614e-05
0.5414413358826313,3.887760756953345e-05
0.5417980166045566,3.8877801807083545e-05
0.5421546973264819,3.8877995077752735e-05
0.5425113780484072,3.8878187389137494e-05
0.5428680587703326,3.887837874877451e-05
0.5432247394922579,3.8878569164141174e-05
0.5435814202141832,3.887875864265462e-05
0.5439381009361085,3.887894719160866e-05
0.5442947816580338,3.8879134818344454e-05
0.5446514623799591,3.887932153010133e-05
0.5450081431018845,3.887950733406118e-05
0.5453648238238098,3.8879692237349065e-05
0.5457215045457351,3.8879876247033576e-05
0.5460781852676604,3.888005937012744e-05
0.5464348659895857,3.888024161358789e-05
0.5467915467115111,3.888042298431725e-05
0.5471482274334364,3.888060348915161e-05
0.5475049081553617,3.888078313483641e-05
0.547861588877287,3.8880961928142785e-05
0.5482182695992123,3.888113987575214e-05
0.5485749503211377,3.888131698429271e-05
0.548931631043063,3.888149326034005e-05
0.5492883117649883,3.888166871041744e-05
0.5496449924869136,3.888184334099637e-05
0.5500016732088389,3.888201715849698e-05
0.5503583539307643,3.888219016928856e-05
0.5507150346526896,3.888236237966783e-05
0.5510717153746149,3.8882533795873813e-05
0.5514283960965402,3.88827044241485e-05
0.5517850768184654,3.8882874270656316e-05
0.5521417575403909,3.888304334151252e-05
0.5524984382623161,3.888321164278357e-05
0.5528551189842414,3.8883379180487505e-05
0.5532117997061667,3.888354596059449e-05
0.553568480428092,3.8883711989027143e-05
0.5539251611500174,3.888387727166098e-05
0.5542818418719427,3.888404181429258e-05
0.554638522593868,3.888420562269343e-05
0.5549952033157933,3.888436870261477e-05
0.5553518840377186,3.888453105974236e-05
0.555708564759644,3.8884692699716444e-05
0.5560652454815693,3.888485362813214e-05
0.5564219262034946,3.888501385053978e-05
0.5567786069254199,3.88851733724454e-05
0.5571352876473452,3.888533219931107e-05
0.5574919683692706,3.8885490336555326e-05
0.5578486490911959,3.888564778951125e-05
0.5582053298131212,3.888580456351893e-05
0.5585620105350465,3.888596066387477e-05
0.5589186912569718,3.888611609582163e-05
0.5592753719788971,3.8886270864560226e-05
0.5596320527008225,3.888642497524956e-05
0.5599887334227478,3.888657843300726e-05
0.5603454141446731,3.888673124290996e-05
0.5607020948665984,3.88868834099937e-05
0.5610587755885237,3.8887034939254285e-05
0.5614154563104491,3.888718583559568e-05
0.5617721370323744,3.8887336103959994e-05
0.5621288177542997,3.888748574922248e-05
0.562485498476225,3.888763477621635e-05
0.5628421791981503,3.8887783189735906e-05
0.5631988599200757,3.8887930994536884e-05
0.563555540642001,3.888807819533679e-05
0.5639122213639263,3.8888224796815295e-05
0.5642689020858516,3.888837080361454e-05
0.5646255828077769,3.888851622033411e-05
0.5649822635297023,3.8888661051497115e-05
0.5653389442516276,3.888880530166253e-05
0.5656956249735529,3.888894897532125e-05
0.5660523056954782,3.888909207692787e-05
0.5664089864174034,3.888923461090104e-05
0.5667656671393289,3.888937658162385e-05
0.5671223478612542,3.888951799344405e-05
0.5674790285831794,3.888965885067446e-05
0.5678357093051047,3.888979915759326e-05
0.56819239002703,3.888993891843098e-05
0.5685490707489554,3.889007813736753e-05
0.5689057514708807,3.8890216818599724e-05
0.569262432192806,3.889035496626588e-05
0.5696191129147313,3.889049258447091e-05
0.5699757936366566,3.8890629677286483e-05
0.570332474358582,3.889076624875142e-05
0.5706891550805073,3.889090230287201e-05
0.5710458358024326,3.889103784362221e-05
0.5714025165243579,3.889117287494408e-05
0.5717591972462832,3.889130740072703e-05
0.5721158779682085,3.889144142483479e-05
0.5724725586901339,3.889157495112933e-05
0.5728292394120592,3.8891707983423505e-05
0.5731859201339845,3.889184052549929e-05
0.5735426008559098,3.889197258110798e-05
0.5738992815778351,3.889210415397063e-05
0.5742559622997605,3.889223524777821e-05
0.5746126430216858,3.889236586619191e-05
0.5749693237436111,3.8892496012843496e-05
0.5753260044655364,3.889262569130724e-05
0.5756826851874617,3.889275490515572e-05
0.5760393659093871,3.8892883657941504e-05
0.5763960466313124,3.8893011953177036e-05
0.5767527273532377,3.889313979434623e-05
0.577109408075163,3.8893267184904804e-05
0.5774660887970883,3.8893394128280503e-05
0.5778227695190137,3.8893520627873354e-05
0.578179450240939,3.889364668705597e-05
0.5785361309628643,3.889377230917374e-05
0.5788928116847896,3.889389749751004e-05
0.5792494924067149,3.889402225536935e-05
0.5796061731286403,3.889414658601846e-05
0.5799628538505656,3.8894270492692674e-05
0.5803195345724909,3.8894393978601e-05
0.5806762152944162,3.889451704692646e-05
0.5810328960163414,3.8894639700826216e-05
0.5813895767382669,3.889476194343197e-05
0.5817462574601922,3.889488377785011e-05
0.5821029381821174,3.88950052071608e-05
0.5824596189040427,3.8895126234382376e-05
0.582816299625968,3.8895246862569055e-05
0.5831729803478934,3.889536709472503e-05
0.5835296610698187,3.889548693383e-05
0.583886341791744,3.8895606382839475e-05
0.5842430225136693,3.889572544468496e-05
0.5845997032355946,3.889584412227423e-05
0.58495638395752,3.8895962418491465e-05
0.5853130646794453,3.889608033619764e-05
0.5856697454013706,3.889619787822364e-05
0.5860264261232959,3.889631504735763e-05
0.5863831068452212,3.8896431846409145e-05
0.5867397875671465,3.8896548278144824e-05
0.5870964682890719,3.889666434530876e-05
0.5874531490109972,3.889678005062279e-05
0.5878098297329225,3.88968953967866e-05
0.5881665104548478,3.8897010386478e-05
0.5885231911767731,3.889712502235313e-05
0.5888798718986985,3.889723930704667e-05
0.5892365526206238,3.889735324315962e-05
0.5895932333425491,3.889746683326848e-05
0.5899499140644744,3.8897580079956993e-05
0.5903065947863997,3.889769298577293e-05
0.5906632755083251,3.889780555324324e-05
0.5910199562302504,3.889791778487439e-05
0.5913766369521757,3.8898029683152474e-05
0.591733317674101,3.88981412505434e-05
0.5920899983960263,3.889825248949318e-05
0.5924466791179517,3.889836340242798e-05
0.592803359839877,3.8898473991720865e-05
0.5931600405618023,3.8898584259751906e-05
0.5935167212837276,3.8898694208906234e-05
0.5938734020056529,3.8898803841529736e-05
0.5942300827275783,3.889891315994936e-05
0.5945867634495036,3.889902216647332e-05
0.5949434441714289,3.8899130863391366e-05
0.5953001248933542,3.889923925297486e-05
0.5956568056152794,3.889934733747712e-05
0.5960134863372049,3.889945511913352e-05
0.5963701670591302,3.889956260016173e-05
0.5967268477810554,3.88996697827619e-05
0.5970835285029807,3.889977666911689e-05
0.597440209224906,3.889988326139245e-05
0.5977968899468314,3.889998956173743e-05
0.5981535706687567,3.890009557213213e-05
0.598510251390682,3.890020129474394e-05
0.5988669321126073,3.8900306731706e-05
0.5992236128345326,3.890041188509277e-05
0.5995802935564579,3.890051675696223e-05
0.5999369742783833,3.890062134935608e-05
0.6002936550003086,3.890072566429991e-05
0.6006503357222339,3.8900829703803394e-05
0.6010070164441592,3.890093346986051e-05
0.6013636971660845,3.890103696444965e-05
0.6017203778880099,3.890114018953389e-05
0.6020770586099352,3.890124314706115e-05
0.6024337393318605,3.890134583896438e-05
0.6027904200537858,3.89014482671617e-05
0.6031471007757111,3.890155043355668e-05
0.6035037814976365,3.89016523397439e-05
0.6038604622195618,3.89017539877858e-05
0.6042171429414871,3.890185537954899e-05
0.6045738236634124,3.8901956516867264e-05
0.6049305043853377,3.890205740155984e-05
0.6052871851072631,3.89021580354315e-05
0.6056438658291884,3.8902258420272744e-05
0.6060005465511137,3.890235855785999e-05
0.606357227273039,3.8902458449955707e-05
0.6067139079949643,3.890255809830856e-05
0.6070705887168897,3.89026575046536e-05
0.607427269438815,3.8902756670712424e-05
0.6077839501607403,3.890285559819329e-05
0.6081406308826656,3.890295428879133e-05
0.6084973116045909,3.8903052744160713e-05
0.6088539923265163,3.89031509657318e-05
0.6092106730484416,3.8903248955346406e-05
0.6095673537703669,3.890334671463749e-05
0.6099240344922922,3.89034442452248e-05
0.6102807152142175,3.890354154871506e-05
0.6106373959361429,3.890363862670217e-05
0.6109940766580682,3.8903735480767174e-05
0.6113507573799934,3.890383211247854e-05
0.6117074381019187,3.890392852339224e-05
0.612064118823844,3.890402471505187e-05
0.6124207995457694,3.8904120688988804e-05
0.6127774802676947,3.8904216446722354e-05
0.61313416098962,3.890431198975985e-05
0.6134908417115453,3.8904407319596826e-05
0.6138475224334706,3.890450243767069e-05
0.6142042031553959,3.890459734535441e-05
0.6145608838773213,3.8904692044202426e-05
0.6149175645992466,3.8904786535657275e-05
0.6152742453211719,3.8904880821149775e-05
0.6156309260430972,3.890497490209925e-05
0.6159876067650225,3.890506877991353e-05
0.6163442874869479,3.8905162455989234e-05
0.6167009682088732,3.89052559317117e-05
0.6170576489307985,3.890534920845523e-05
0.6174143296527238,3.8905442287583214e-05
0.6177710103746491,3.890553517044811e-05
0.6181276910965745,3.8905627858391764e-05
0.6184843718184998,3.890572035274537e-05
0.6188410525404251,3.8905812654829634e-05
0.6191977332623504,3.890590476590396e-05
0.6195544139842757,3.890599668723701e-05
0.6199110947062011,3.890608842016577e-05
0.6202677754281264,3.8906179965965466e-05
0.6206244561500517,3.8906271325901095e-05
0.620981136871977,3.890636250122756e-05
0.6213378175939023,3.89064534931897e-05
0.6216944983158277,3.890654430302247e-05
0.622051179037753,3.8906634931951006e-05
0.6224078597596783,3.890672538119077e-05
0.6227645404816036,3.8906815651947645e-05
0.6231212212035289,3.890690574541803e-05
0.6234779019254543,3.890699566278892e-05
0.6238345826473796,3.890708540523809e-05
0.6241912633693049,3.8907174973934144e-05
0.6245479440912302,3.890726436996159e-05
0.6249046248131555,3.890735359447611e-05
0.6252613055350809,3.890744264865174e-05
0.6256179862570062,3.8907531533616545e-05
0.6259746669789314,3.890762025048956e-05
0.6263313477008567,3.8907708800381004e-05
0.626688028422782,3.890779718439227e-05
0.6270447091447074,3.8907885403616064e-05
0.6274013898666327,3.890797345913653e-05
0.627758070588558,3.8908061352029306e-05
0.6281147513104833,3.890814908336161e-05
0.6284714320324086,3.8908236654192405e-05
0.6288281127543339,3.8908324065572385e-05
0.6291847934762593,3.8908411318544194e-05
0.6295414741981846,3.890849841414244e-05
0.6298981549201099,3.890858535328649e-05
0.6302548356420352,3.890867213704427e-05
0.6306115163639605,3.8908758766442974e-05
0.6309681970858859,3.890884524248058e-05
0.6313248778078112,3.8908931566147146e-05
0.6316815585297365,3.890901773842486e-05
0.6320382392516618,3.89091037602882e-05
0.6323949199735871,3.890918963270393e-05
0.6327516006955125,3.890927535663123e-05
0.6331082814174378,3.890936093302181e-05
0.6334649621393631,3.890944636281993e-05
0.6338216428612884,3.8909531646962514e-05
0.6341783235832137,3.890961678637928e-05
0.6345350043051391,3.89097017819927e-05
0.6348916850270644,3.890978663471824e-05
0.6352483657489897,3.890987134534564e-05
0.635605046470915,3.89099559148605e-05
0.6359617271928403,3.891004034415379e-05
0.6363184079147657,3.8910124634108486e-05
0.636675088636691,3.89102087856005e-05
0.6370317693586163,3.8910292799498865e-05
0.6373884500805416,3.8910376676665714e-05
0.6377451308024669,3.891046041795636e-05
0.6381018115243923,3.891054402421948e-05
0.6384584922463176,3.891062749629703e-05
0.6388151729682429,3.89107108350244e-05
0.6391718536901682,3.891079404123051e-05
0.6395285344120935,3.891087711573786e-05
0.6398852151340189,3.891096005936255e-05
0.6402418958559442,3.891104287290061e-05
0.6405985765778694,3.8911125557086396e-05
0.6409552572997947,3.891120811277387e-05
0.64131193802172,3.8911290540750794e-05
0.6416686187436453,3.891137284179877e-05
0.6420252994655707,3.891145501669315e-05
0.642381980187496,3.891153706620318e-05
0.6427386609094213,3.891161899109207e-05
0.6430953416313466,3.8911700792117005e-05
0.6434520223532719,3.891178247002927e-05
0.6438087030751973,3.891186402557428e-05
0.6441653837971226,3.891194545949167e-05
0.6445220645190479,3.8912026772515306e-05
0.6448787452409732,3.8912107965373434e-05
0.6452354259628985,3.891218903878867e-05
0.6455921066848239,3.891226999345397e-05
0.6459487874067492,3.89123508300452e-05
0.6463054681286745,3.891243154930583e-05
0.6466621488505998,3.891251215193367e-05
0.6470188295725251,3.891259263862107e-05
0.6473755102944505,3.8912673010054854e-05
0.6477321910163758,3.891275326691655e-05
0.6480888717383011,3.891283340988235e-05
0.6484455524602264,3.891291343962313e-05
0.6488022331821517,3.8912993356804625e-05
0.6491589139040771,3.8913073162087376e-05
0.6495155946260024,3.891315285612687e-05
0.6498722753479277,3.891323243957354e-05
0.650228956069853,3.891331191307283e-05
0.6505856367917783,3.8913391277265306e-05
0.6509423175137037,3.891347053275105e-05
0.651298998235629,3.891354968014867e-05
0.6516556789575543,3.891362872011015e-05
0.6520123596794796,3.891370765325405e-05
0.6523690404014049,3.891378648019405e-05
0.6527257211233303,3.891386520153904e-05
0.6530824018452556,3.8913943817893196e-05
0.6534390825671809,3.891402232985598e-05
0.6537957632891062,3.891410073802229e-05
0.6541524440110315,3.891417904298234e-05
0.6545091247329569,3.891425724532192e-05
0.6548658054548822,3.891433534562228e-05
0.6552224861768075,3.8914413344460283e-05
0.6555791668987327,3.8914491242408385e-05
0.655935847620658,3.891456904003475e-05
0.6562925283425833,3.89146467378568e-05
0.6566492090645087,3.891472433644417e-05
0.657005889786434,3.8914801836367405e-05
0.6573625705083593,3.891487923817505e-05
0.6577192512302846,3.891495654241138e-05
0.6580759319522099,3.891503374961646e-05
0.6584326126741353,3.891511086032615e-05
0.6587892933960606,3.8915187875072205e-05
0.6591459741179859,3.8915264794382306e-05
0.6595026548399112,3.8915341618780033e-05
0.6598593355618365,3.891541834878507e-05
0.6602160162837619,3.891549498491305e-05
0.6605726970056872,3.8915571527675774e-05
0.6609293777276125,3.8915647977581134e-05
0.6612860584495378,3.891572433513323e-05
0.6616427391714631,3.8915800600780226e-05
0.6619994198933885,3.891587677504736e-05
0.6623561006153138,3.8915952858431924e-05
0.6627127813372391,3.8916028851420694e-05
0.6630694620591644,3.8916104754496694e-05
0.6634261427810897,3.891618056813919e-05
0.6637828235030151,3.891625629282379e-05
0.6641395042249404,3.891633192902247e-05
0.6644961849468657,3.891640747720356e-05
0.664852865668791,3.891648293783183e-05
0.6652095463907163,3.891655831136855e-05
0.6655662271126417,3.891663359827149e-05
0.665922907834567,3.891670879899494e-05
0.6662795885564923,3.891678391398981e-05
0.6666362692784176,3.891685894370152e-05
0.6669929500003429,3.8916933888526744e-05
0.6673496307222683,3.891700874894158e-05
0.6677063114441936,3.891708352538171e-05
0.6680629921661189,3.8917158218279454e-05
0.6684196728880442,3.89172328280638e-05
0.6687763536099695,3.891730735516051e-05
0.6691330343318947,3.8917381799992006e-05
0.6694897150538202,3.891745616297756e-05
0.6698463957757455,3.8917530444533235e-05
0.6702030764976707,3.891760464507197e-05
0.670559757219596,3.891767876500356e-05
0.6709164379415213,3.891775280473476e-05
0.6712731186634467,3.891782676466928e-05
0.671629799385372,3.8917900645207794e-05
0.6719864801072973,3.891797444673909e-05
0.6723431608292226,3.8918048169628756e-05
0.6726998415511479,3.891812181429396e-05
0.6730565222730733,3.891819538112199e-05
0.6734132029949986,3.891826887049716e-05
0.6737698837169239,3.891834228280087e-05
0.6741265644388492,3.891841561841161e-05
0.6744832451607745,3.891848887770505e-05
0.6748399258826999,3.891856206105397e-05
0.6751966066046252,3.8918635168828384e-05
0.6755532873265505,3.891870820139554e-05
0.6759099680484758,3.8918781159119915e-05
0.6762666487704011,3.891885404236332e-05
0.6766233294923265,3.8918926851484867e-05
0.6769800102142518,3.891899958684103e-05
0.6773366909361771,3.891907224877075e-05
0.6776933716581024,3.891914483761036e-05
0.6780500523800277,3.891921735372646e-05
0.6784067331019531,3.8919289797463626e-05
0.6787634138238784,3.8919362169163865e-05
0.6791200945458037,3.891943446916655e-05
0.679476775267729,3.891950669780856e-05
0.6798334559896543,3.891957885542421e-05
0.6801901367115797,3.891965094234534e-05
0.680546817433505,3.8919722958901306e-05
0.6809034981554303,3.891979490541904e-05
0.6812601788773556,3.891986678222305e-05
0.6816168595992809,3.891993858963547e-05
0.6819735403212063,3.892001032797603e-05
0.6823302210431316,3.8920081997562217e-05
0.6826869017650569,3.8920153598689235e-05
0.6830435824869822,3.892022513166742e-05
0.6834002632089075,3.892029659681871e-05
0.6837569439308328,3.892036799445002e-05
0.6841136246527582,3.892043932486595e-05
0.6844703053746835,3.892051058836882e-05
0.6848269860966087,3.892058178525874e-05
0.685183666818534,3.892065291583352e-05
0.6855403475404593,3.892072398038883e-05
0.6858970282623847,3.8920794979218157e-05
0.68625370898431,3.8920865912612785e-05
0.6866103897062353,3.892093678086192e-05
0.6869670704281606,3.892100758425264e-05
0.6873237511500859,3.8921078323069935e-05
0.6876804318720113,3.8921148997596754e-05
0.6880371125939366,3.8921219608090694e-05
0.6883937933158619,3.892129015483858e-05
0.6887504740377872,3.892136063812278e-05
0.6891071547597125,3.892143105821693e-05
0.6894638354816379,3.892150141539262e-05
0.6898205162035632,3.892157170991946e-05
0.6901771969254885,3.8921641942065066e-05
0.6905338776474138,3.8921712112095076e-05
0.6908905583693391,3.8921782220273196e-05
0.6912472390912645,3.89218522668612e-05
0.6916039198131898,3.892192225211894e-05
0.6919606005351151,3.892199217630446e-05
0.6923172812570404,3.8922062039673845e-05
0.6926739619789657,3.892213184248141e-05
0.6930306427008911,3.892220158497962e-05
0.6933873234228164,3.892227126739376e-05
0.6937440041447417,3.892234088998873e-05
0.694100684866667,3.892241045301232e-05
0.6944573655885923,3.892247995670881e-05
0.6948140463105177,3.892254940132069e-05
0.695170727032443,3.8922618787088664e-05
0.6955274077543683,3.8922688114251666e-05
0.6958840884762936,3.8922757383046956e-05
0.6962407691982189,3.892282659371001e-05
0.6965974499201442,3.8922895746474625e-05
0.6969541306420696,3.892296484157295e-05
0.6973108113639949,3.892303387923544e-05
0.6976674920859202,3.8923102859690925e-05
0.6980241728078455,3.89231717831666e-05
0.6983808535297708,3.8923240649885815e-05
0.6987375342516962,3.8923309460052086e-05
0.6990942149736215,3.89233782139037e-05
0.6994508956955467,3.892344691166057e-05
0.699807576417472,3.8923515553541054e-05
0.7001642571393973,3.892358413976192e-05
0.7005209378613227,3.892365267053839e-05
0.700877618583248,3.8923721146084085e-05
0.7012342993051733,3.8923789566611155e-05
0.7015909800270986,3.8923857932330206e-05
0.7019476607490239,3.892392624345035e-05
0.7023043414709493,3.892399450017921e-05
0.7026610221928746,3.892406270272293e-05
0.7030177029147999,3.892413085128627e-05
0.7033743836367252,3.8924198946072475e-05
0.7037310643586505,3.8924266987277896e-05
0.7040877450805759,3.8924334975090636e-05
0.7044444258025012,3.892440290972132e-05
0.7048011065244265,3.89244707913668e-05
0.7051577872463518,3.8924538620222536e-05
0.7055144679682771,3.8924606396482556e-05
0.7058711486902025,3.892467412033955e-05
0.7062278294121278,3.8924741791984793e-05
0.7065845101340531,3.8924809411608256e-05
0.7069411908559784,3.8924876979398533e-05
0.7072978715779037,3.8924944495542915e-05
0.7076545522998291,3.892501196022739e-05
0.7080112330217544,3.89250793736366e-05
0.7083679137436797,3.8925146735954006e-05
0.708724594465605,3.892521404736168e-05
0.7090812751875303,3.892528130803239e-05
0.7094379559094557,3.8925348518140506e-05
0.709794636631381,3.8925415677872146e-05
0.7101513173533063,3.892548278740374e-05
0.7105079980752316,3.892554984691055e-05
0.7108646787971569,3.8925616856566495e-05
0.7112213595190822,3.892568381654435e-05
0.7115780402410076,3.892575072701564e-05
0.7119347209629329,3.8925817588150716e-05
0.7122914016848582,3.892588440011874e-05
0.7126480824067835,3.892595116308771e-05
0.7130047631287088,3.892601787722445e-05
0.7133614438506342,3.892608454269466e-05
