0.00035668072192531706,-6.959072848481038e-06
0.0007133614438506341,-2.9349728844714253e-05
0.0010700421657759511,-6.971424883622652e-05
0.0014267228877012682,-0.00013059092685509428
0.0017834036096265854,-0.00021435314793783952
0.0021400843315519022,-0.0003231331582902554
0.0024967650534772194,-0.0004588004750109759
0.0028534457754025365,-0.000622926219822987
0.0032101264973278536,-0.0008167480129760179
0.0035668072192531707,-0.0010411178914383373
0.003923487941178487,-0.0012964624643703067
0.0042801686631038045,-0.0015827321550391292
0.004636849385029122,-0.001899349054501458
0.004993530106954439,-0.002245157530012396
0.005350210828879756,-0.002618388265657568
0.005706891550805073,-0.003016629647705614
0.00606357227273039,-0.003436807596533465
0.006420252994655707,-0.0038751929788773663
0.006776933716581024,-0.004327411885661544
0.007133614438506341,-0.004788493022564762
0.0074902951604316585,-0.005252915467912661
0.007846975882356975,-0.005714691210315815
0.008203656604282293,-0.00616744848043683
0.008560337326207609,-0.0066045341423004895
0.008917018048132927,-0.00701911927234838
0.009273698770058243,-0.00740430686460375
0.009630379491983561,-0.007753237616800697
0.009987060213908877,-0.008059184834693773
0.010343740935834195,-0.008315640455323141
0.010700421657759512,-0.008516386879670726
0.01105710237968483,-0.008655560870259982
0.011413783101610146,-0.008727701728368302
0.011770463823535462,-0.008727787057723892
0.01212714454546078,-0.008651256873883758
0.012483825267386096,-0.00849402787350153
0.012840505989311414,-0.008252500698901379
0.01319718671123673,-0.007923562498257528
0.013553867433162049,-0.007504586289806535
0.013910548155087365,-0.006993427953965006
0.014267228877012683,-0.0063884215925917405
0.014623909598937999,-0.005688373948660161
0.014980590320863317,-0.004892558077579297
0.015337271042788633,-0.00400070633126111
0.01569395176471395,-0.0030130022422168736
0.01605063248663927,-0.0019300708954007482
0.016407313208564585,-0.0007529676713093906
0.016763993930489902,0.00051683541930866
0.017120674652415218,0.0018774653306801255
0.017477355374340534,0.003326666600503743
0.017834036096265854,0.004861821565728524
0.01819071681819117,0.00647997398883649
0.018547397540116486,0.008177854173654768
0.018904078262041803,0.00995190584383799
0.019260758983967122,0.011798315315197615
0.01961743970589244,0.013713040579924838
0.019974120427817755,0.015691842885517195
0.02033080114974307,0.017730315830712582
0.02068748187166839,0.019823916337899875
0.021044162593593707,0.021967996059649435
0.021400843315519023,0.02415782364698045
0.02175752403744434,0.02638862858493408
0.02211420475936966,0.02865559818133447
0.022470885481294976,0.030953955822170302
0.022827566203220292,0.033278885283926585
0.023184246925145608,0.03562572199953496
0.023540927647070924,0.03798974559904937
0.023897608368996244,0.040366318691558226
0.02425428909092156,0.04275103090114256
0.024610969812846877,0.04513949059956841
0.024967650534772193,0.04752741221232002
0.025324331256697512,0.04991067932449686
0.02568101197862283,0.05228528813056042
0.026037692700548145,0.054647392040593296
0.02639437342247346,0.05699329616625375
0.02675105414439878,0.059319455528911366
0.027107734866324097,0.06162248577402679
0.027464415588249413,0.06389916251883411
0.02782109631017473,0.06614641835263563
0.02817777703210005,0.06836134869322678
0.028534457754025366,0.07054122634837898
0.028891138475950682,0.07268344275981058
0.029247819197875998,0.07478560261552655
0.029604499919801314,0.07684536024155954
0.029961180641726634,0.0788606398978119
0.03031786136365195,0.08082939150759791
0.030674542085577267,0.08274983004650403
0.031031222807502583,0.08462021157345292
0.0313879035294279,0.0864390153324104
0.031744584251353215,0.08820478413136809
0.03210126497327854,0.08991624511685037
0.032457945695203855,0.09157221783687237
0.03281462641712917,0.09317169097583752
0.03317130713905449,0.09471366117273085
0.033527987860979803,0.09619730904933438
0.03388466858290512,0.09762197097455308
0.034241349304830436,0.09898691858728353
0.03459803002675575,0.10029164588063004
0.03495471074868107,0.10153578402151457
0.03531139147060639,0.10271890189984777
0.03566807219253171,0.10384076576007487
0.036024752914457024,0.10490124367633571
0.03638143363638234,0.10590019158906226
0.03673811435830766,0.10683760337889434
0.03709479508023297,0.10771354715362144
0.03745147580215829,0.10852812219673708
0.037808156524083605,0.1092815137895332
0.03816483724600893,0.10997396710568423
0.038521517967934245,0.11060577717784612
0.03887819868985956,0.11117729200704803
0.03923487941178488,0.11168891265737704
0.039591560133710194,0.11214109323391708
0.03994824085563551,0.11253431914590573
0.040304921577560826,0.11286912587459585
0.04066160229948614,0.11314609937001524
0.04101828302141146,0.11336583852195566
0.04137496374333678,0.11352899244539034
0.0417316444652621,0.11363625605301801
0.042088325187187414,0.11368831966250771
0.04244500590911273,0.11368592671175433
0.04280168663103805,0.11362985988854248
0.04315836735296336,0.11352084336736076
0.04351504807488868,0.1133597035618619
0.043871728796813995,0.11314730077669029
0.04422840951873932,0.11288451714001345
0.044585090240664635,0.11257219209227176
0.04494177096258995,0.11221109806230445
0.04529845168451527,0.11180224196286571
0.045655132406440584,0.11134657239634004
0.0460118131283659,0.1108450645991573
0.046368493850291216,0.11029843447431885
0.04672517457221653,0.10970772741335925
0.04708185529414185,0.10907394628161014
0.04743853601606717,0.1083980902677639
0.04779521673799249,0.10768106882015431
0.048151897459917804,0.10692372488914174
0.04850857818184312,0.10612714777691061
0.04886525890376844,0.10529234008019821
0.04922193962569375,0.10442031810297536
0.04957862034761907,0.10351185873214949
0.049935301069544386,0.1025680453909347
0.05029198179146971,0.10158988412470164
0.050648662513395025,0.1005783805389587
0.05100534323532034,0.09953444632347516
0.05136202395724566,0.09845896227957864
0.051718704679170974,0.09735298142749292
0.05207538540109629,0.09621748552784096
0.052432066123021606,0.09505346104195148
0.05278874684494692,0.09386172482032566
0.05314542756687224,0.0926433158555635
0.05350210828879756,0.0913991978577542
0.05385878901072288,0.09013033735792925
0.054215469732648194,0.08883758000974144
0.05457215045457351,0.08752176534756294
0.05492883117649883,0.08618388241033524
0.05528551189842414,0.08482484463173914
0.05564219262034946,0.08344556366687689
0.055998873342274776,0.08204694720061452
0.0563555540642001,0.08062990589970506
0.056712234786125415,0.0791953490467475
0.05706891550805073,0.07774418632293784
0.05742559622997605,0.07627709062722084
0.057782276951901364,0.07479477776883878
0.05813895767382668,0.07329816602693673
0.058495638395751996,0.07178805047018884
0.05885231911767731,0.07026525760597842
0.05920899983960263,0.06873103018447455
0.05956568056152795,0.06718603501076245
0.05992236128345327,0.0656311551482643
0.060279042005378584,0.06406727950710936
0.0606357227273039,0.06249452083198812
0.06099240344922922,0.06091330191329158
0.06134908417115453,0.059324503459851345
0.06170576489307985,0.057728679361499446
0.062062445615005166,0.05612656293093084
0.06241912633693049,0.05452013303626461
0.0627758070588558,0.052909550495706816
0.06313248778078112,0.05129567355409027
0.06348916850270643,0.04967937941467184
0.06384584922463175,0.04806077133692313
0.06420252994655708,0.0464404220747396
0.06455921066848239,0.044819201483573476
0.06491589139040771,0.04319772808403251
0.06527257211233302,0.041576768298900627
0.06562925283425834,0.03995771727598596
0.06598593355618365,0.03834098979781637
0.06634261427810897,0.03672738805688376
0.06669929500003428,0.035117726864294915
0.06705597572195961,0.03351054857024615
0.06741265644388493,0.03190606089308127
0.06776933716581024,0.030304843333640415
0.06812601788773556,0.02870687768896245
0.06848269860966087,0.027113064160894894
0.0688393793315862,0.025526849020856453
0.0691960600535115,0.023947323627379093
0.06955274077543683,0.022375343806565383
0.06990942149736214,0.02081182122304382
0.07026610221928746,0.01925588777342155
0.07062278294121278,0.01770830335735941
0.07097946366313809,0.01616986228168281
0.07133614438506342,0.014641039978624416
0.07169282510698873,0.013122698932421685
0.07204950582891405,0.011616394104156267
0.07240618655083936,0.01012237377015847
0.07276286727276468,0.00864144939898625
0.07311954799469,0.007174462146847708
0.07347622871661531,0.005717187650083218
0.07383290943854064,0.004270396099717441
0.07418959016046595,0.002834080963500642
0.07454627088239127,0.001407515285913169
0.07490295160431658,-7.132255026245623e-06
0.0752596323262419,-0.0014043914905211834
0.07561631304816721,-0.0027863702447383314
0.07597299377009253,-0.004151843235508114
0.07632967449201786,-0.005499446420611591
0.07668635521394317,-0.006833573666325169
0.07704303593586849,-0.00815212564577111
0.0773997166577938,-0.009454567504312703
0.07775639737971912,-0.010740804010825243
0.07811307810164443,-0.012010625698127497
0.07846975882356975,-0.013263766141255889
0.07882643954549506,-0.014500332785342013
0.07918312026742039,-0.015720331058806568
0.07953980098934571,-0.016923807682328994
0.07989648171127102,-0.01810927575609976
0.08025316243319634,-0.019277132199923514
0.08060984315512165,-0.020427177687251778
0.08096652387704698,-0.021559169588923878
0.08132320459897228,-0.02267282595595286
0.08167988532089761,-0.023767848203889583
0.08203656604282292,-0.024843975664670736
0.08239324676474824,-0.025900916662643964
0.08274992748667356,-0.02693837697408922
0.08310660820859887,-0.027956472873922764
0.0834632889305242,-0.028954792263024328
0.0838199696524495,-0.0299331142849881
0.08417665037437483,-0.03089122177591582
0.08453333109630014,-0.03182900975208906
0.08489001181822546,-0.03274637676504679
0.08524669254015078,-0.0336431118785758
0.0856033732620761,-0.034519073863103544
0.08596005398400142,-0.035374131338785086
0.08631673470592673,-0.036208153478729216
0.08667341542785205,-0.03702103251011863
0.08703009614977736,-0.0378126660295283
0.08738677687170268,-0.03858296162739166
0.08774345759362799,-0.03933178115437625
0.08810013831555331,-0.04005900998327411
0.08845681903747864,-0.04076458482670862
0.08881349975940395,-0.04144842477826972
0.08917018048132927,-0.042110448400545425
0.08952686120325458,-0.04275051926666607
0.0898835419251799,-0.043368590809342376
0.09024022264710521,-0.04396458984546546
0.09059690336903053,-0.04453844768934497
0.09095358409095584,-0.04509008459003254
0.09131026481288117,-0.04561943567868958
0.09166694553480649,-0.04612644853929298
0.0920236262567318,-0.046611069450886354
0.09238030697865712,-0.04707324918876873
0.09273698770058243,-0.04751294303275007
0.09309366842250776,-0.04793011077527431
0.09345034914443306,-0.04832470190840068
0.09380702986635839,-0.04869668181153247
0.0941637105882837,-0.049046027537906205
0.09452039131020902,-0.04937271416614135
0.09487707203213434,-0.04967672112480782
0.09523375275405965,-0.049958032200449816
0.09559043347598498,-0.05021663554534883
0.09594711419791029,-0.05045249691635818
0.09630379491983561,-0.05066560596534816
0.09666047564176092,-0.05085597139097943
0.09701715636368624,-0.05102359365251207
0.09737383708561155,-0.051168477211866875
0.09773051780753687,-0.05129063054175427
0.0980871985294622,-0.05139006613345622
0.0984438792513875,-0.051466770195892034
0.09880055997331283,-0.05152075353044524
0.09915724069523814,-0.05155204988212201
0.09951392141716346,-0.05156068180897639
0.09987060213908877,-0.05154667545866462
0.1002272828610141,-0.05151006057655985
0.10058396358293942,-0.051450870513464565
0.10094064430486473,-0.051369071005298084
0.10129732502679005,-0.051264685322940894
0.10165400574871536,-0.05113778913755582
0.10201068647064068,-0.050988423093083705
0.10236736719256599,-0.05081663136552757
0.10272404791449131,-0.050622461668767646
0.10308072863641662,-0.050405965259933926
0.10343740935834195,-0.05016719694432987
0.10379409008026727,-0.04990621507990201
0.10415077080219258,-0.049623081581250006
0.1045074515241179,-0.049317848899523294
0.10486413224604321,-0.0489902445730372
0.10522081296796854,-0.04864057049457471
0.10557749368989384,-0.04826888492006185
0.10593417441181917,-0.04787524876663262
0.10629085513374448,-0.04745972561862679
0.1066475358556698,-0.04702238173310834
0.10700421657759512,-0.046563286044903694
0.10736089729952043,-0.046082510171158525
0.10771757802144576,-0.045580128415412265
0.10807425874337107,-0.045056217771189906
0.10843093946529639,-0.044510674042728085
0.1087876201872217,-0.04394347068041106
0.10914430090914702,-0.04335483671573323
0.10950098163107233,-0.04274483936110174
0.10985766235299765,-0.04211354743669242
0.11021434307492298,-0.041461031377206935
0.11057102379684829,-0.04078736323816642
0.11092770451877361,-0.040092616701744084
0.11128438524069892,-0.03937686708213904
0.11164106596262424,-0.03864019133049285
0.11199774668454955,-0.03788266803935193
0.11235442740647487,-0.03710420343001284
0.1127111081284002,-0.03630497903209513
0.1130677888503255,-0.035485080265725076
0.11342446957225083,-0.034644582683726874
0.11378115029417614,-0.033783563002566026
0.11413783101610146,-0.032902099107694656
0.11449451173802677,-0.03200027005849279
0.1148511924599521,-0.03107815609280738
0.1152078731818774,-0.030135838631092714
0.11556455390380273,-0.029173400280154152
0.11592123462572805,-0.02819089910018615
0.11627791534765336,-0.027188386159680538
0.11663459606957868,-0.02616598025187139
0.11699127679150399,-0.025123765022145198
0.11734795751342932,-0.024061825122705018
0.11770463823535462,-0.022980246216054816
0.11806131895727995,-0.021879114978135408
0.11841799967920526,-0.02075851910111594
0.11877468040113058,-0.01961854729584228
0.1191313611230559,-0.01845928929394638
0.11948804184498121,-0.01728083584961832
0.11984472256690654,-0.01608299726168362
0.12020140328883185,-0.014865978155595502
0.12055808401075717,-0.013629908020261487
0.12091476473268248,-0.012374863671393534
0.1212714454546078,-0.011100922009028335
0.12162812617653311,-0.00980816002239399
0.12198480689845843,-0.008496654794472881
0.12234148762038376,-0.007166483506265877
0.12269816834230907,-0.00581772344076016
0.12305484906423439,-0.004450451986604683
0.1234115297861597,-0.003064682539949085
0.12376821050808502,-0.0016603217109857139
0.12412489123001033,-0.0002375854618822391
0.12448157195193565,0.001203461995813262
0.12483825267386098,0.0026627570643265545
0.1251949333957863,0.004140236753494317
0.1255516141177116,0.005635838674852812
0.12590829483963692,0.00714950103597546
0.12626497556156224,0.008681162635053908
0.12662165628348757,0.01023076285572131
0.12697833700541286,0.01179824166211248
0.12733501772733818,0.013383389154183396
0.1276916984492635,0.01498617145044413
0.12804837917118883,0.016606572122384207
0.12840505989311415,0.01824452198866627
0.12876174061503945,0.019899951812113775
0.12911842133696477,0.021572792297711134
0.1294751020588901,0.02326297409080046
0.12983178278081542,0.024970427775475045
0.13018846350274071,0.026695083873165392
0.13054514422466604,0.028436872841417014
0.13090182494659136,0.030195691137074106
0.13125850566851668,0.03197126477179044
0.131615186390442,0.033763672235579356
0.1319718671123673,0.03557283085201624
0.13232854783429263,0.0373986571637629
0.13268522855621795,0.0392410669345479
0.13304190927814327,0.04109997515131309
0.13339859000006857,0.04297529602652276
0.1337552707219939,0.044866943000635866
0.13411195144391921,0.04677482874473752
0.13446863216584454,0.04869886516333133
0.13482531288776986,0.05063952279432067
0.13518199360969516,0.05259679543002705
0.13553867433162048,0.054570319425760294
0.1358953550535458,0.056560054380707325
0.13625203577547113,0.05856596184322948
0.13660871649739642,0.06058800530172516
0.13696539721932174,0.06262615017561124
0.13732207794124707,0.06468036380641849
0.1376787586631724,0.06675061544900067
0.1380354393850977,0.0688368762628525
0.138392120107023,0.0709391408235231
0.13874880082894833,0.07305800370330602
0.13910548155087366,0.07519302353657827
0.13946216227279898,0.07734421103739662
0.13981884299472427,0.07951158053875892
0.1401755237166496,0.08169514997563182
0.14053220443857492,0.08389494086803774
0.14088888516050024,0.086110978304201
0.14124556588242557,0.08834329092374758
0.14160224660435086,0.09059191090095625
0.14195892732627619,0.09285687392805923
0.1423156080482015,0.09513725092942762
0.14267228877012683,0.0974324924800704
0.14302896949205213,0.09974341390232805
0.14338565021397745,0.10206995509686981
0.14374233093590277,0.1044120535065638
0.1440990116578281,0.1067696441262969
0.14445569237975342,0.1091426595128931
0.14481237310167872,0.11153102979513245
0.14516905382360404,0.11393468268387241
0.14552573454552936,0.11635354348226906
0.14588241526745468,0.11878753509610282
0.14623909598938,0.12123648298062596
0.1465957767113053,0.12370035913061977
0.14695245743323063,0.1261790806127825
0.14730913815515595,0.12867255549588713
0.14766581887708127,0.13118068922246753
0.14802249959900657,0.1337033846208448
0.1483791803209319,0.13624054191726276
0.14873586104285721,0.13879205874812944
0.14909254176478254,0.14135783017236905
0.14944922248670786,0.1439377486838817
0.14980590320863316,0.1465323562372442
0.15016258393055848,0.14914260388988654
0.1505192646524838,0.15176770517082047
0.15087594537440913,0.15440775394637027
0.15123262609633442,0.1570628582839041
0.15158930681825974,0.15973314038618744
0.15194598754018507,0.16241873652557653
0.1523026682621104,0.16511967666054858
0.15265934898403571,0.167835291985198
0.153016029705961,0.1705662062922711
0.15337271042788633,0.17331250842434712
0.15372939114981166,0.17607429278711426
0.15408607187173698,0.17885165931896718
0.15444275259366227,0.1816447134605169
0.1547994333155876,0.18445356612401226
0.15515611403751292,0.1872770022078207
0.15551279475943824,0.19011538077503792
0.15586947548136357,0.19296860005420186
0.15622615620328886,0.19583644779077425
0.15658283692521419,0.19871870167032243
0.1569395176471395,0.2016162822137238
0.15729619836906483,0.20452854730154862
0.15765287909099013,0.20745542096868433
0.15800955981291545,0.21039682646006203
0.15836624053484077,0.21335278154060597
0.1587229212567661,0.2163242956952461
0.15907960197869142,0.21931132407890938
0.15943628270061672,0.222314279472438
0.15979296342254204,0.22533303028644971
0.16014964414446736,0.22836777644408982
0.16050632486639269,0.23141890689097813
0.16086300558831798,0.23448606438539865
0.1612196863102433,0.23756775373517433
0.16157636703216863,0.2406640331365337
0.16193304775409395,0.24377422385159833
0.16228972847601927,0.24689879764669068
0.16264640919794457,0.25003739062938096
0.1630030899198699,0.25319135433560636
0.16335977064179522,0.256362622819732
0.16371645136372054,0.259551911495447
0.16407313208564583,0.26275679421582
0.16442981280757116,0.2659753723715126
0.16478649352949648,0.2692047567046037
0.1651431742514218,0.27244821291799054
0.16549985497334713,0.275709069416851
0.16585653569527242,0.278995690261285
0.16621321641719775,0.2823021046105226
0.16656989713912307,0.2856183221155738
0.1669265778610484,0.2889398586595112
0.1672832585829737,0.2922769799344102
0.167639939304899,0.2956321914313232
0.16799662002682433,0.2990022360673485
0.16835330074874966,0.30238692958802904
0.16870998147067498,0.3057870749064704
0.16906666219260028,0.30920278776632515
0.1694233429145256,0.31263387741522114
0.16978002363645092,0.3160803773326478
0.17013670435837625,0.3195423513701255
0.17049338508030157,0.3230198700588255
0.17085006580222686,0.3265129983797399
0.1712067465241522,0.3300217734534305
0.1715634272460775,0.3335462031037699
0.17192010796800283,0.33708634626917683
0.17227678868992813,0.34064221159891495
0.17263346941185345,0.34421383608799394
0.17299015013377878,0.3478012314536601
0.1733468308557041,0.35140439882348434
0.17370351157762942,0.355023376798955
0.17406019229955472,0.35865818902221286
0.17441687302148004,0.36230885841352517
0.17477355374340536,0.3659753737839447
0.1751302344653307,0.3696577422270976
0.17548691518725598,0.37335599462666785
0.1758435959091813,0.37707014527403593
0.17620027663110663,0.3808002077610333
0.17655695735303195,0.38454617105958194
0.17691363807495727,0.3883080479000015
0.17727031879688257,0.39208585211830316
0.1776269995188079,0.395879591374227
0.17798368024073322,0.39968927263999715
0.17834036096265854,0.40351489883418423
0.17869704168458383,0.407356476642444
0.17905372240650916,0.4112140108395311
0.17941040312843448,0.4150875052965302
0.1797670838503598,0.4189769611696645
0.18012376457228513,0.42288234939927594
0.18048044529421042,0.4268036860046759
0.18083712601613575,0.4307409688973644
0.18119380673806107,0.4346941953190246
0.1815504874599864,0.43866334440389626
0.1819071681819117,0.44264834301704253
0.182263848903837,0.44664921910231054
0.18262052962576233,0.45066595853450697
0.18297721034768766,0.45469854656191844
0.18333389106961298,0.45874692902432074
0.18369057179153828,0.46281102535596963
0.1840472525134636,0.46689085216487125
0.18440393323538892,0.47098638115867136
0.18476061395731425,0.47509758347564135
0.18511729467923954,0.4792243715457423
0.18547397540116486,0.48336667578291315
0.1858306561230902,0.4875244898709139
0.1861873368450155,0.49169777140318466
0.18654401756694083,0.4958864774659306
0.18690069828886613,0.5000904595751763
0.18725737901079145,0.5043096598692696
0.18761405973271678,0.5085440517375676
0.1879707404546421,0.5127935751042728
0.1883274211765674,0.5170581694714129
0.18868410189849272,0.521337516053118
0.18904078262041804,0.5256316052532118
0.18939746334234336,0.5299403740983387
0.1897541440642687,0.5342637270829335
0.19011082478619398,0.5386015677243785
0.1904675055081193,0.5429537985702813
0.19082418623004463,0.5473203212058011
0.19118086695196995,0.5517008239911262
0.19153754767389525,0.5560949566048204
0.19189422839582057,0.5605027843422408
0.1922509091177459,0.5649241490797452
0.19260758983967122,0.5693588879884081
0.19296427056159654,0.5738068335681918
0.19332095128352184,0.5782678136822601
0.19367763200544716,0.5827416510606308
0.19403431272737248,0.5872277196028387
0.1943909934492978,0.5917260660885464
0.1947476741712231,0.5962364576998724
0.19510435489314842,0.6007586539655191
0.19546103561507375,0.6052924068193248
0.19581771633699907,0.6098374606590109
0.1961743970589244,0.614393552405107
0.1965310777808497,0.6189602336663058
0.196887758502775,0.6235371504818478
0.19724443922470034,0.6281240900274452
0.19760111994662566,0.6327207258963783
0.19795780066855098,0.6373267220653721
0.19831448139047628,0.6419417329727618
0.1986711621124016,0.6465654035968383
0.19902784283432692,0.6511972988050614
0.19938452355625225,0.6558365511182184
0.19974120427817754,0.6604830490655144
0.20009788500010287,0.6651363430179696
0.2004545657220282,0.6697959700110704
0.2008112464439535,0.6744614538555478
0.20116792716587883,0.6791323052483099
0.20152460788780413,0.6838080218835119
0.20188128860972945,0.6884872353263926
0.20223796933165478,0.6931694308206366
0.2025946500535801,0.6978542153960857
0.2029513307755054,0.702540908178745
0.20330801149743072,0.707228806796488
0.20366469221935604,0.7119171875568938
0.20402137294128136,0.7166053056251404
0.2043780536632067,0.72129210403787
0.20473473438513198,0.7259760316524239
0.2050914151070573,0.7306567354551816
0.20544809582898263,0.735333271663247
0.20580477655090795,0.7400046677415127
0.20616145727283325,0.7446699226448272
0.20651813799475857,0.7493280070598508
0.2068748187166839,0.7539778636465316
0.20723149943860922,0.7586184682654731
0.20758818016053454,0.7632487024494926
0.20794486088245984,0.7678674333479841
0.20830154160438516,0.7724735099038856
0.20865822232631048,0.7770657558762443
0.2090149030482358,0.7816432960665143
0.2093715837701611,0.7862049605006615
0.20972826449208642,0.7907495085599792
0.21008494521401175,0.7952757645165139
0.21044162593593707,0.799782538427618
0.2107983066578624,0.8042674878360384
0.2111549873797877,0.8087282291364519
0.211511668101713,0.8131630419350186
0.21186834882363834,0.8175697535705378
0.21222502954556366,0.8219463926780071
0.21258171026748895,0.8262907648607086
0.21293839098941428,0.8306014434739739
0.2132950717113396,0.8348765271702696
0.21365175243326492,0.8391135426396497
0.21400843315519025,0.843310482199885
0.21436511387711554,0.8474650184422172
0.21472179459904087,0.851574794931893
0.2150784753209662,0.8556376756835067
0.2154351560428915,0.8596514444898624
0.2157918367648168,0.8636136436002191
0.21614851748674213,0.8675217482577695
0.21650519820866745,0.8713730928540858
0.21686187893059278,0.8751646925456424
0.2172185596525181,0.8788936675702088
0.2175752403744434,0.8825570919833516
0.21793192109636872,0.8861518760834353
0.21828860181829404,0.8896751154084197
0.21864528254021937,0.8931236777612882
0.21900196326214466,0.8964943430141179
0.21935864398406998,0.8997838944751845
0.2197153247059953,0.9029888859589185
0.22007200542792063,0.9061058800645871
0.22042868614984595,0.9091313697151315
0.22078536687177125,0.9120617509832211
0.22114204759369657,0.9148933672544508
0.2214987283156219,0.9176224925606092
0.22185540903754722,0.9202453109722603
0.22221208975947254,0.9227579311446759
0.22256877048139784,0.925156439034621
0.22292545120332316,0.9274369117143492
0.22328213192524848,0.9295953553470157
0.2236388126471738,0.9316278461824036
0.2239954933690991,0.9335303420988037
0.22435217409102443,0.9352986950095734
0.22470885481294975,0.9369287750850648
0.22506553553487507,0.9384162646091665
0.2254222162568004,0.9397568547449615
0.2257788969787257,0.9409465408824478
0.226135577700651,0.9419810855766044
0.22649225842257634,0.9428566387193666
0.22684893914450166,0.943569338973824
0.22720561986642696,0.9441151556781271
0.22756230058835228,0.9444900828661399
0.2279189813102776,0.9446901354565832
0.22827566203220293,0.9447112064376705
0.22863234275412825,0.9445495455487044
0.22898902347605354,0.9442019683478885
0.22934570419797887,0.9436650835991803
0.2297023849199042,0.9429362726969102
0.2300590656418295,0.9420126893679064
0.2304157463637548,0.9408906475089364
0.23077242708568013,0.9395672765186
0.23112910780760546,0.9380391689630551
0.23148578852953078,0.9363030642687598
0.2318424692514561,0.9343587919646645
0.2321991499733814,0.9322051976055692
0.23255583069530672,0.9298413245603797
0.23291251141723204,0.9272668876510146
0.23326919213915737,0.924481590052759
0.23362587286108266,0.9214851478865523
0.23398255358300799,0.9182773274710864
0.2343392343049333,0.914857219739668
0.23469591502685863,0.9112249617585257
0.23505259574878395,0.9073816276983439
0.23540927647070925,0.9033281406859661
0.23576595719263457,0.8990683044986
0.2361226379145599,0.8946050402813854
0.23647931863648522,0.8899422372951676
0.23683599935841051,0.885084701115082
0.23719268008033584,0.8800358044679424
0.23754936080226116,0.8748005814068502
0.23790604152418648,0.8693836999720734
0.2382627222461118,0.8637901915139709
0.2386194029680371,0.8580262204948501
0.23897608368996243,0.852098406118885
0.23933276441188775,0.8460138931818775
0.23968944513381307,0.8397807590668513
0.24004612585573837,0.8334071632329053
0.2404028065776637,0.8269014946886591
0.24075948729958901,0.820272778385179
0.24111616802151434,0.8135296112248913
0.24147284874343966,0.8066814262523084
0.24182952946536496,0.7997376457396662
0.24218621018729028,0.7927080457185051
0.2425428909092156,0.7856029444484511
0.24289957163114093,0.7784327687181459
0.24325625235306622,0.7712081218548417
0.24361293307499154,0.7639399935891682
0.24396961379691687,0.7566388596425809
0.2443262945188422,0.7493154749786609
0.24468297524076751,0.7419801465760257
0.2450396559626928,0.7346428814344576
0.24539633668461813,0.7273137613016845
0.24575301740654346,0.7200024710843681
0.24610969812846878,0.7127187699613721
0.24646637885039407,0.705472516322581
0.2468230595723194,0.6982732046992438
0.24717974029424472,0.6911302030580558
0.24753642101617004,0.6840526170538345
0.24789310173809537,0.6770473181362815
0.24824978246002066,0.6701220458611308
0.24860646318194599,0.6632834951581312
0.2489631439038713,0.6565378599358643
0.24931982462579663,0.6498912975637361
0.24967650534772196,0.6433492694241985
0.25003318606964725,0.6369172413623685
0.2503898667915726,0.630600334633506
0.2507465475134979,0.6244025703235687
0.2511032282354232,0.6183272384345833
0.25145990895734854,0.6123771244405719
0.25181658967927384,0.6065536943329157
0.25217327040119913,0.6008581488589488
0.2525299511231245,0.5952907799722797
0.2528866318450498,0.5898513934803782
0.25324331256697513,0.584540548240317
0.2535999932889004,0.5793574889058375
0.2539566740108257,0.5743034386563494
0.2543133547327511,0.569378247773103
0.25467003545467637,0.5645814191385745
0.2550267161766017,0.5599128001100798
0.255383396898527,0.5553679326603447
0.2557400776204523,0.5509403350942061
0.25609675834237766,0.546625069765351
0.25645343906430296,0.5424226645618229
0.2568101197862283,0.5383333677232554
0.2571668005081536,0.5343573270604504
0.2575234812300789,0.5304889932221006
0.25788016195200425,0.5267210346795199
0.25823684267392955,0.5230438918519428
0.25859352339585484,0.5194525180298923
0.2589502041177802,0.515947735808832
0.2593068848397055,0.5125316251306279
0.25966356556163084,0.5092063950380209
0.26002024628355613,0.5059617660160702
0.26037692700548143,0.5027886166624079
0.2607336077274068,0.49967720345917654
0.2610902884493321,0.49663061888415183
0.2614469691712574,0.4936511157354152
0.2618036498931827,0.49073957138291346
0.262160330615108,0.4878867423936516
0.26251701133703337,0.48508220472777175
0.26287369205895866,0.48232171744656827
0.263230372780884,0.4796070179355168
0.2635870535028093,0.4769428450543621
0.2639437342247346,0.47432411022706744
0.26430041494665996,0.47174510258043173
0.26465709566858525,0.46919403603988635
0.2650137763905106,0.46667207934924737
0.2653704571124359,0.46418674966159207
0.2657271378343612,0.4617339684030769
0.26608381855628654,0.4593036304702773
0.26644049927821184,0.45689398170991574
0.26679718000013714,0.4545121769555069
0.2671538607220625,0.45215863907782183
0.2675105414439878,0.4498235543786535
0.26786722216591313,0.44750141582344877
0.26822390288783843,0.4451970189710624
0.2685805836097637,0.44291509660004863
0.2689372643316891,0.44065046244356465
0.26929394505361437,0.4383953292416589
0.2696506257755397,0.43615056943959685
0.270007306497465,0.4339221408980767
0.2703639872193903,0.43170970067459224
0.27072066794131566,0.4295065845966073
0.27107734866324096,0.42731014584367544
0.2714340293851663,0.4251237739611706
0.2717907101070916,0.42294924032082687
0.2721473908290169,0.4207850616516542
0.27250407155094225,0.4186296041785745
0.27286075227286755,0.41648253525323053
0.27321743299479284,0.4143439855273767
0.2735741137167182,0.41221386089381956
0.2739307944386435,0.4100919344728693
0.27428747516056884,0.40797795757819383
0.27464415588249413,0.40587181550048945
0.27500083660441943,0.40377344973202106
0.2753575173263448,0.401682837237838
0.2757141980482701,0.3995999939319534
0.2760708787701954,0.39752489072805436
0.2764275594921207,0.39545760739390895
0.276784240214046,0.3933981176868561
0.27714092093597137,0.39134652415819354
0.27749760165789666,0.3893028796721001
0.277854282379822,0.3872672572408707
0.2782109631017473,0.38523975766012203
0.2785676438236726,0.38322047570198153
0.27892432454559796,0.3812095276309148
0.27928100526752325,0.3792070231780348
0.27963768598944855,0.37721309212700377
0.2799943667113739,0.3752278436975953
0.2803510474332992,0.3732514076588644
0.28070772815522455,0.3712839026906332
0.28106440887714984,0.36932544661290306
0.28142108959907514,0.36737616212176005
0.2817777703210005,0.3654361659369035
0.2821344510429258,0.3635055775148405
0.28249113176485113,0.36158451154113497
0.28284781248677643,0.35967308398141007
0.2832044932087017,0.35777139865260027
0.2835611739306271,0.35587956299259166
0.28391785465255237,0.35399768216145705
0.2842745353744777,0.3521258558805426
0.284631216096403,0.3502641641968908
0.2849878968183283,0.3484127033240147
0.28534457754025366,0.346571559351969
0.28570125826217896,0.3447408089614286
0.28605793898410425,0.3429205210945861
0.2864146197060296,0.34111076763333503
0.2867713004279549,0.33931161211727906
0.28712798114988025,0.3375231127556033
0.28748466187180555,0.335745322429542
0.28784134259373084,0.33397828853099903
0.2881980233156562,0.33222205316330583
0.2885547040375815,0.33047665672723003
0.28891138475950684,0.32874213010396086
0.28926806548143214,0.32701850021622586
0.28962474620335743,0.32530579014207633
0.2899814269252828,0.32360401989290977
0.2903381076472081,0.3219132013142843
0.29069478836913343,0.3202333426445776
0.2910514690910587,0.31856445079341994
0.291408149812984,0.31690652724787893
0.29176483053490937,0.3152595681179046
0.29212151125683467,0.31362356642587225
0.29247819197876,0.31199851281381147
0.2928348727006853,0.31038439302029897
0.2931915534226106,0.3087811898782291
0.29354823414453596,0.30718888248172327
0.29390491486646125,0.3056074453712749
0.29426159558838655,0.3040368516491289
0.2946182763103119,0.3024770706650866
0.2949749570322372,0.3009280692827759
0.29533163775416255,0.29938981155983263
0.29568831847608784,0.29786225845406805
0.29604499919801314,0.296345368552895
0.2964016799199385,0.29483910064733787
0.2967583606418638,0.2933434093157946
0.29711504136378913,0.29185824772225877
0.29747172208571443,0.2903835672344795
0.2978284028076397,0.2889193161476802
0.2981850835295651,0.2874654429563338
0.29854176425149037,0.2860218941187299
0.2988984449734157,0.2845886133752888
0.299255125695341,0.283165542232732
0.2996118064172663,0.28175262260954526
0.29996848713919166,0.2803497942569638
0.30032516786111696,0.278956996781327
0.30068184858304225,0.27757416796946227
0.3010385293049676,0.27620124452829703
0.3013952100268929,0.2748381625589138
0.30175189074881825,0.2734848586963378
0.30210857147074355,0.2721412677177064
0.30246525219266884,0.27080732447817807
0.3028219329145942,0.2694829625167493
0.3031786136365195,0.26816811358540515
0.30353529435844484,0.2668627112961874
0.30389197508037014,0.265566688042227
0.30424865580229543,0.26427997489047317
0.3046053365242208,0.2630025028625497
0.3049620172461461,0.2617342030154378
0.30531869796807143,0.26047500585203914
0.3056753786899967,0.2592248442250406
0.306032059411922,0.2579836484149051
0.30638874013384737,0.25675134969963226
0.30674542085577267,0.2555278793807354
0.30710210157769796,0.25431316847632257
0.3074587822996233,0.25310714900984255
0.3078154630215486,0.2519097531014458
0.30817214374347396,0.2507209110895185
0.30852882446539925,0.2495405533211858
0.30888550518732455,0.24836861190950105
0.3092421859092499,0.2472050181680665
0.3095988666311752,0.2460497046327707
0.30995554735310055,0.2449026029809067
0.31031222807502584,0.24376364525239103
0.31066890879695114,0.24263276431134642
0.3110255895188765,0.2415098962266115
0.3113822702408018,0.24039497449043884
0.31173895096272713,0.23928793451571984
0.31209563168465243,0.2381887111309536
0.3124523124065777,0.23709723900451263
0.3128089931285031,0.2360134553813696
0.31316567385042837,0.23493729732176794
0.3135223545723537,0.2338686989583616
0.313879035294279,0.23280759676560744
0.3142357160162043,0.2317539276305677
0.31459239673812966,0.23070762827704105
0.31494907746005496,0.22966863938194862
0.31530575818198026,0.22863689789648264
0.3156624389039056,0.2276123426090813
0.3160191196258309,0.226594914096675
0.31637580034775625,0.2255845555054772
0.31673248106968155,0.22458120819250177
0.31708916179160684,0.2235848157106496
0.3174458425135322,0.2225953189262372
0.3178025232354575,0.22161266068074076
0.31815920395738284,0.2206367859914102
0.31851588467930814,0.21966763949374793
0.31887256540123343,0.21870516204639212
0.3192292461231588,0.21774929886235803
0.3195859268450841,0.21679999371159384
0.31994260756700943,0.2158571918484928
0.3202992882889347,0.21492084303838282
0.32065596901086,0.21399089197182986
0.32101264973278537,0.21306728599041203
0.32136933045471067,0.2121499748720175
0.32172601117663596,0.21123890951296276
0.3220826918985613,0.21033404057665242
0.3224393726204866,0.20943532065835876
0.32279605334241196,0.20854269596545616
0.32315273406433725,0.2076561196159652
0.32350941478626255,0.2067755440303241
0.3238660955081879,0.2059009211151722
0.3242227762301132,0.20503220092610855
0.32457945695203855,0.20416933576867688
0.32493613767396384,0.20331227695053666
0.32529281839588914,0.2024609794409859
0.3256494991178145,0.20161540092339283
0.3260061798397398,0.20077549442522538
0.32636286056166514,0.19994121597593234
0.32671954128359043,0.19911252351280084
0.3270762220055157,0.19828937545729075
0.3274329027274411,0.19747173132163104
0.3277895834493664,0.1966595512939627
0.32814626417129167,0.1958527871686769
0.328502944893217,0.19505140105944366
0.3288596256151423,0.19425535178740758
0.32921630633706767,0.19346459816837783
0.32957298705899296,0.19267909893755517
0.32992966778091826,0.19189881258938551
0.3302863485028436,0.19112369735489076
0.3306430292247689,0.19035371814621083
0.33099970994669425,0.1895888382920017
0.33135639066861955,0.188829019129509
0.33171307139054484,0.188074224711502
0.3320697521124702,0.18732441833099533
0.3324264328343955,0.18657956616191215
0.33278311355632084,0.18583963483793964
0.33313979427824614,0.1851045895894378
0.33349647500017143,0.18437438932385727
0.3338531557220968,0.18364900179500052
0.3342098364440221,0.18292839128389507
0.3345665171659474,0.1822125235891091
0.3349231978878727,0.18150136444395654
0.335279878609798,0.1807948778314441
0.33563655933172337,0.18009302823270534
0.33599324005364867,0.17939578976288312
0.33634992077557396,0.17870312929969362
0.3367066014974993,0.1780150161530436
0.3370632822194246,0.17733142044988526
0.33741996294134996,0.17665230790983805
0.33777664366327526,0.1759776511960952
0.33813332438520055,0.17530742140119063
0.3384900051071259,0.1746415878896855
0.3388466858290512,0.17398011876510178
0.33920336655097655,0.17332298522178713
0.33956004727290184,0.17267015694509097
0.33991672799482714,0.17202160668034314
0.3402734087167525,0.1713773052383001
0.3406300894386778,0.1707372231656513
0.34098677016060314,0.17010133184667045
0.34134345088252843,0.16946960627084173
0.3417001316044537,0.16884201830355422
0.3420568123263791,0.16821854160313307
0.3424134930483044,0.16759914958139058
0.34277017377022967,0.16698381489303796
0.343126854492155,0.16637251251607468
0.3434835352140803,0.16576521706895292
0.34384021593600567,0.16516190219706509
0.34419689665793096,0.16456254211752877
0.34455357737985626,0.16396711170380912
0.3449102581017816,0.16337558556274678
0.3452669388237069,0.16278794021313392
0.34562361954563225,0.1622041505002841
0.34598030026755755,0.16162419208116177
0.34633698098948285,0.16104804103482545
0.3466936617114082,0.16047567430129636
0.3470503424333335,0.15990706834914578
0.34740702315525884,0.15934220025943072
0.34776370387718414,0.158781046786676
0.34812038459910943,0.1582235848735174
0.3484770653210348,0.15766979222424443
0.3488337460429601,0.15711964648095847
0.3491904267648854,0.15657312514532595
0.3495471074868107,0.15603020611525353
0.349903788208736,0.15549086736297463
0.3502604689306614,0.15495508708766592
0.35061714965258667,0.15442284441560364
0.35097383037451196,0.15389411774863718
0.3513305110964373,0.1533688860069903
0.3516871918183626,0.15284712837229691
0.35204387254028796,0.1523288242801385
0.35240055326221326,0.15181395331827796
0.35275723398413855,0.15130249533899742
0.3531139147060639,0.15079442983555646
0.3534705954279892,0.1502897368134077
0.35382727614991455,0.14978839649073986
0.35418395687183984,0.14929038913007128
0.35454063759376514,0.14879569507642373
0.3548973183156905,0.14830429482985422
0.3552539990376158,0.14781616897796188
0.3556106797595411,0.1473312985058962
0.35596736048146643,0.14684966485506376
0.35632404120339173,0.14637124885895647
0.3566807219253171,0.1458960317190563
0.3570374026472424,0.14542399471534137
0.35739408336916767,0.14495511919321447
0.357750764091093,0.14448938761893712
0.3581074448130183,0.14402678206528122
0.35846412553494367,0.14356728401766852
0.35882080625686896,0.14311087548693183
0.35917748697879426,0.1426575385650936
0.3595341677007196,0.1422072554166552
0.3598908484226449,0.14176000948537848
0.36024752914457026,0.14131578301370634
0.36060420986649555,0.14087455854495784
0.36096089058842085,0.14043631886807506
0.3613175713103462,0.14000104686891324
0.3616742520322715,0.13956872555905828
0.3620309327541968,0.13913933851397423
0.36238761347612214,0.13871286874895292
0.36274429419804743,0.13828929963263867
0.3631009749199728,0.13786861463389385
0.3634576556418981,0.13745079731945914
0.3638143363638234,0.13703583137556646
0.3641710170857487,0.13662370062704582
0.364527697807674,0.13621438890452492
0.3648843785295994,0.13580788016822368
0.36524105925152467,0.13540415846891343
0.36559773997344996,0.13500320794590712
0.3659544206953753,0.13460501287377136
0.3663111014173006,0.1342095576096218
0.36666778213922596,0.13381682654094246
0.36702446286115126,0.1334268041696888
0.36738114358307655,0.13303947508112937
0.3677378243050019,0.13265482394219227
0.3680945050269272,0.13227283558008782
0.36845118574885255,0.13189349483373353
0.36880786647077785,0.13151678661435356
0.36916454719270314,0.1311426959307525
0.3695212279146285,0.13077120787037066
0.3698779086365538,0.13040230759800903
0.3702345893584791,0.13003598039026804
0.37059127008040443,0.12967221155351524
0.37094795080232973,0.12931098648560416
0.3713046315242551,0.12895229065853442
0.3716613122461804,0.12859610961700774
0.37201799296810567,0.12824242897825677
0.372374673690031,0.12789123443371686
0.3727313544119563,0.12754251173814032
0.37308803513388167,0.1271962467171003
0.37344471585580696,0.12685242526342183
0.37380139657773226,0.12651103333606448
0.3741580772996576,0.12617205697280784
0.3745147580215829,0.12583548228253696
0.37487143874350826,0.1255012954121984
0.37522811946543355,0.12516948258411995
0.37558480018735885,0.12484003008289077
0.3759414809092842,0.12451292425437625
0.3762981616312095,0.12418815153839453
0.3766548423531348,0.12386569841497615
0.37701152307506014,0.12354555140923384
0.37736820379698544,0.12322769711774258
0.3777248845189108,0.12291212219600528
0.3780815652408361,0.12259881335765782
0.3784382459627614,0.12228775741069309
0.37879492668468673,0.1219789411786045
0.379151607406612,0.12167235155192038
0.3795082881285374,0.12136797548106298
0.37986496885046267,0.12106579997260897
0.38022164957238797,0.12076581209084511
0.3805783302943133,0.12046799897468685
0.3809350110162386,0.12017234778948181
0.38129169173816396,0.11987884576609785
0.38164837246008926,0.11958748018939519
0.38200505318201455,0.11929823839766213
0.3823617339039399,0.1190111077880097
0.3827184146258652,0.11872607581810933
0.3830750953477905,0.11844312998010156
0.38343177606971585,0.11816225782592847
0.38378845679164114,0.11788344695910692
0.3841451375135665,0.1176066850342403
0.3845018182354918,0.11733195978040259
0.3848584989574171,0.11705925896710975
0.38521517967934243,0.1167885703925031
0.38557186040126773,0.11651988191735926
0.3859285411231931,0.11625318145153998
0.3862852218451184,0.1159884569534793
0.38664190256704367,0.11572569642967173
0.386998583288969,0.11546488793416185
0.3873552640108943,0.11520601956803511
0.38771194473281967,0.11494907959820887
0.38806862545474496,0.11469405618564746
0.38842530617667026,0.11444093756864644
0.3887819868985956,0.11418971204955927
0.3891386676205209,0.11394036797717844
0.3894953483424462,0.11369289374630628
0.38985202906437155,0.11344727779732709
0.39020870978629685,0.1132035086157803
0.3905653905082222,0.112961574751666
0.3909220712301475,0.11272146495841909
0.3912787519520728,0.11248316775800132
0.39163543267399814,0.11224667183557482
0.39199211339592344,0.11201196592210542
0.3923487941178488,0.11177903879407858
0.3927054748397741,0.11154787927321737
0.3930621555616994,0.11131847622620054
0.39341883628362473,0.111090818564382
0.39377551700555,0.110864895298647
0.3941321977274754,0.11064069551037127
0.39448887844940067,0.11041820819142967
0.39484555917132597,0.1101974224479001
0.3952022398932513,0.10997832743136403
0.3955589206151766,0.10976091233874294
0.39591560133710196,0.10954516641213544
0.39627228205902726,0.10933107893865551
0.39662896278095255,0.10911863925027128
0.3969856435028779,0.10890783676878298
0.3973423242248032,0.1086986609215324
0.3976990049467285,0.1084911011634096
0.39805568566865385,0.10828514701298714
0.39841236639057914,0.10808078803391662
0.3987690471125045,0.10787801383482265
0.3991257278344298,0.10767681406919828
0.3994824085563551,0.10747717843530068
0.39983908927828044,0.10727909667604776
0.40019577000020573,0.10708255860144271
0.4005524507221311,0.10688755403382703
0.4009091314440564,0.10669407285081735
0.4012658121659817,0.10650210497596772
0.401622492887907,0.10631164037733067
0.4019791736098323,0.106122669067375
0.40233585433175767,0.10593518110290422
0.40269253505368297,0.10574916658497607
0.40304921577560826,0.1055646156629704
0.4034058964975336,0.10538151854491294
0.4037625772194589,0.10519986545367627
0.4041192579413842,0.10501964666933584
0.40447593866330955,0.10484085251616163
0.40483261938523485,0.10466347336255839
0.4051893001071602,0.10448749962100642
0.4055459808290855,0.1043129217480035
0.4059026615510108,0.10413973024400675
0.40625934227293614,0.10396791566506978
0.40661602299486144,0.10379746860988145
0.4069727037167868,0.10362837970300762
0.4073293844387121,0.10346063962342389
0.4076860651606374,0.10329423909416645
0.40804274588256273,0.10312916888229719
0.408399426604488,0.10296541979886917
0.4087561073264134,0.10280298269889279
0.40911278804833867,0.1026418484813027
0.40946946877026397,0.1024820080978478
0.4098261494921893,0.10232345253448076
0.4101828302141146,0.10216617282062646
0.4105395109360399,0.1020101600321193
0.41089619165796526,0.10185540528873571
0.41125287237989055,0.1017018997541731
0.4116095531018159,0.10154963463602885
0.4119662338237412,0.10139860118578044
0.4123229145456665,0.10124879069868566
0.41267959526759185,0.1011001945067353
0.41303627598951714,0.10095280399669962
0.4133929567114425,0.10080661059458006
0.4137496374333678,0.10066160577006776
0.4141063181552931,0.10051778103652152
0.41446299887721844,0.10037512795094615
0.41481967959914373,0.10023363811397142
0.4151763603210691,0.10009330316983138
0.4155330410429944,0.09995411479834236
0.4158897217649197,0.09981606471117611
0.416246402486845,0.0996791446975852
0.4166030832087703,0.09954334657392937
0.4169597639306956,0.09940866219997407
0.41731644465262097,0.09927508347887719
0.41767312537454626,0.0991426023571761
0.4180298060964716,0.0990112108247751
0.4183864868183969,0.09888090091493348
0.4187431675403222,0.09875166470425382
0.41909984826224755,0.09862349431267084
0.41945652898417285,0.09849638190344062
0.4198132097060982,0.09837031968313023
0.4201698904280235,0.09824529988378015
0.4205265711499488,0.09812131471841107
0.42088325187187414,0.09799835658452663
0.42123993259379944,0.09787641785612954
0.4215966133157248,0.09775549095004997
0.4219532940376501,0.09763556832592628
0.4223099747595754,0.09751664248618519
0.42266665548150073,0.09739870597602292
0.423023336203426,0.09728175138338666
0.4233800169253514,0.09716577133895606
0.42373669764727667,0.09705075851612541
0.42409337836920197,0.09693670563098625
0.4244500590911273,0.0968236054423099
0.4248067398130526,0.09671145073781277
0.4251634205349779,0.09660023419976
0.42552010125690326,0.09648994883071535
0.42587678197882856,0.0963805875507591
0.4262334627007539,0.0962721433218147
0.4265901434226792,0.09616460914760802
0.4269468241446045,0.0960579780736263
0.42730350486652985,0.09595224318707797
0.42766018558845514,0.09584739761685251
0.4280168663103805,0.09574343453348065
0.4283735470323058,0.09564034714909508
0.4287302277542311,0.0955381287173911
0.42908690847615644,0.09543677253358801
0.42944358919808173,0.09533627193439058
0.4298002699200071,0.09523662009854304
0.4301569506419324,0.09513781057824491
0.4305136313638577,0.09503983682680707
0.430870312085783,0.09494269233563833
0.4312269928077083,0.09484637063658563
0.4315836735296336,0.0947508653018679
0.43194035425155897,0.09465616994401012
0.43229703497348426,0.09456227821577795
0.4326537156954096,0.09446918381011223
0.4330103964173349,0.09437688046006402
0.4333670771392602,0.09428536193872984
0.43372375786118555,0.09419462205918719
0.43408043858311085,0.09410465467443029
0.4344371193050362,0.09401545352668518
0.4347938000269615,0.09392701262862684
0.4351504807488868,0.09383932596062498
0.43550716147081214,0.09375238752551174
0.43586384219273744,0.09366619136498809
0.4362205229146628,0.09358073155953593
0.4365772036365881,0.09349600222833056
0.4369338843585134,0.09341199752915313
0.43729056508043873,0.0933287116583039
0.437647245802364,0.09324613885051507
0.4380039265242893,0.09316427337886424
0.4383606072462147,0.09308310955468807
0.43871728796813997,0.09300264172749596
0.4390739686900653,0.0929228641770477
0.4394306494119906,0.0928437713681908
0.4397873301339159,0.09276535778250235
0.44014401085584126,0.09268761791385699
0.44050069157776656,0.09261054629327836
0.4408573722996919,0.09253413748883332
0.4412140530216172,0.09245838610552701
0.4415707337435425,0.09238328678519755
0.44192741446546785,0.09230883420641135
0.44228409518739314,0.09223502308435841
0.4426407759093185,0.09216184817074781
0.4429974566312438,0.09208930425370357
0.4433541373531691,0.09201738615766043
0.44371081807509444,0.09194608857373802
0.44406749879701973,0.09187540643512294
0.4444241795189451,0.09180533473480197
0.4447808602408704,0.09173586843397638
0.4451375409627957,0.09166700252942353
0.445494221684721,0.09159873205340391
0.4458509024066463,0.09153105207356826
0.4462075831285716,0.09146395769286492
0.44656426385049697,0.09139744404944722
0.44692094457242226,0.09133150631658137
0.4472776252943476,0.091266139702554
0.4476343060162729,0.09120133945058034
0.4479909867381982,0.09113710083871229
0.44834766746012356,0.0910734191797467
0.44870434818204885,0.09101028982113393
0.4490610289039742,0.09094770814488627
0.4494177096258995,0.09088566956748682
0.4497743903478248,0.0908241695397985
0.45013107106975014,0.0907632035469728
0.45048775179167544,0.09070276710835933
0.4508444325136008,0.0906428557656809
0.4512011132355261,0.09058346420587929
0.4515577939574514,0.09052458876993333
0.45191447467937673,0.09046622509361442
0.452271155401302,0.09040836884547557
0.4526278361232273,0.09035101572674537
0.4529845168451527,0.09029416147122238
0.45334119756707797,0.09023780184516943
0.4536978782890033,0.09018193264720806
0.4540545590109286,0.09012654970821327
0.4544112397328539,0.09007164889120814
0.45476792045477926,0.09001722609125881
0.45512460117670456,0.08996327723536936
0.4554812818986299,0.08990979828237697
0.4558379626205552,0.08985678522284725
0.4561946433424805,0.0898042340789694
0.45655132406440585,0.08975214090445173
0.45690800478633115,0.0897005017844174
0.4572646855082565,0.08964931283529982
0.4576213662301818,0.08959857020473866
0.4579780469521071,0.08954827007147569
0.45833472767403244,0.089498408226055
0.45869140839595773,0.08944898034680837
0.45904808911788303,0.08939998341199544
0.4594047698398084,0.08935141369670893
0.4597614505617337,0.08930326750520744
0.460118131283659,0.08925554117078045
0.4604748120055843,0.08920823105561382
0.4608314927275096,0.08916133355065485
0.46118817344943497,0.08911484507547793
0.46154485417136026,0.08906876207814997
0.4619015348932856,0.0890230810350961
0.4622582156152109,0.08897779845096537
0.4626148963371362,0.08893291085849653
0.46297157705906156,0.08888841481838393
0.46332825778098685,0.08884430691914358
0.4636849385029122,0.08880058377697916
0.4640416192248375,0.08875724203564822
0.4643982999467628,0.08871427836632843
0.46475498066868814,0.08867168946748381
0.46511166139061344,0.08862947206473132
0.46546834211253874,0.08858762291070714
0.4658250228344641,0.08854613818570127
0.4661817035563894,0.08850501484410446
0.46653838427831473,0.08846424997053802
0.46689506500024003,0.08842384040506832
0.4672517457221653,0.08838378301310264
0.4676084264440907,0.08834407468523331
0.46796510716601597,0.08830471233708173
0.4683217878879413,0.08826569290914237
0.4686784686098666,0.08822701336662707
0.4690351493317919,0.08818867069930922
0.46939183005371726,0.08815066192136807
0.46974851077564256,0.0881129840712332
0.4701051914975679,0.08807563421142887
0.4704618722194932,0.08803860942841862
0.4708185529414185,0.0880019068324498
0.47117523366334385,0.08796552355739817
0.47153191438526915,0.08792945676061281
0.4718885951071945,0.08789370362276064
0.4722452758291198,0.08785826134767143
0.4726019565510451,0.08782312716218262
0.47295863727297044,0.08778829831598424
0.47331531799489573,0.0877537718352784
0.47367199871682103,0.08771954520993105
0.4740286794387464,0.0876856157535853
0.4743853601606717,0.08765198080054395
0.474742040882597,0.08761863770691569
0.4750987216045223,0.08758558385045401
0.4754554023264476,0.08755281663039657
0.47581208304837297,0.0875203334673044
0.47616876377029826,0.08748813180290113
0.4765254444922236,0.0874562090999124
0.4768821252141489,0.0874245628419053
0.4772388059360742,0.08739319053312777
0.47759548665799956,0.08736208969834805
0.47795216737992485,0.0873312578826943
0.4783088481018502,0.08730069265149425
0.4786655288237755,0.08727039159011465
0.4790222095457008,0.08724035230380114
0.47937889026762615,0.08721057241751791
0.47973557098955144,0.0871810495757875
0.48009225171147674,0.08715178144253058
0.4804489324334021,0.08712276577870448
0.4808056131553274,0.08709400040643207
0.48116229387725273,0.08706548290310231
0.48151897459917803,0.08703721101392761
0.4818756553211033,0.0870091825029986
0.4822323360430287,0.08698139515313079
0.48258901676495397,0.0869538467657109
0.4829456974868793,0.08692653516054355
0.4833023782088046,0.08689945817569782
0.4836590589307299,0.08687261366735388
0.48401573965265526,0.08684599950964966
0.48437242037458056,0.0868196135945276
0.4847291010965059,0.08679345383158134
0.4850857818184312,0.08676751814790258
0.4854424625403565,0.08674180448792779
0.48579914326228185,0.08671631081328517
0.48615582398420715,0.08669103510264148
0.48651250470613244,0.08666597535154895
0.4868691854280578,0.08664112957229228
0.4872258661499831,0.08661649579373557
0.48758254687190844,0.08659207206116935
0.48793922759383374,0.08656785672933731
0.48829590831575903,0.08654384781838682
0.4886525890376844,0.08652004328687675
0.4890092697596097,0.0864964412540201
0.48936595048153503,0.08647303985520262
0.4897226312034603,0.0864498372418415
0.4900793119253856,0.08642683158124431
0.49043599264731097,0.08640402105646774
0.49079267336923627,0.08638140386617657
0.4911493540911616,0.08635897822450252
0.4915060348130869,0.08633674236090316
0.4918627155350122,0.086314694520021
0.49221939625693756,0.08629283296154222
0.49257607697886285,0.08627115596005598
0.49293275770078815,0.08624966180491322
0.4932894384227135,0.0862283488000858
0.4936461191446388,0.08620721526402562
0.49400279986656415,0.08618625952952368
0.49435948058848944,0.08616547994356921
0.49471616131041474,0.08614487486720881
0.4950728420323401,0.0861244426754057
0.4954295227542654,0.08610418219711101
0.49578620347619073,0.08608409149613465
0.49614288419811603,0.08606416898690367
0.4964995649200413,0.08604441310821953
0.4968562456419667,0.08602482231259387
0.49721292636389197,0.08600539506611882
0.4975696070858173,0.0859861298483377
0.4979262878077426,0.08596702515211554
0.4982829685296679,0.08594807948350959
0.49863964925159326,0.08592929136163997
0.49899632997351856,0.08591065931856033
0.4993530106954439,0.08589218189912834
0.4997096914173692,0.08587385766087646
0.5000663721392945,0.08585568517388263
0.5004230528612198,0.08583766302064079
0.5007797335831452,0.08581978979593181
0.5011364143050705,0.08580206410669403
0.5014930950269958,0.08578448457189408
0.5018497757489211,0.08576704982239763
0.5022064564708464,0.08574975850084017
0.5025631371927718,0.08573260937530461
0.5029198179146971,0.08571560131288627
0.5032764986366224,0.08569873275974801
0.5036331793585477,0.085682002412588
0.503989860080473,0.08566540897966646
0.5043465408023983,0.08564895118068656
0.5047032215243237,0.08563262774667534
0.505059902246249,0.08561643741986466
0.5054165829681743,0.08560037895357207
0.5057732636900996,0.08558445111208186
0.5061299444120249,0.08556865267052592
0.5064866251339503,0.08555298241476483
0.5068433058558756,0.08553743914126882
0.5071999865778009,0.08552202165699872
0.5075566672997261,0.0855067287792871
0.5079133480216514,0.08549155933571918
0.5082700287435769,0.08547651216401399
0.5086267094655021,0.08546158611190535
0.5089833901874274,0.085446780037023
0.5093400709093527,0.08543209280677365
0.509696751631278,0.08541752329822211
0.5100534323532034,0.08540307067822195
0.5104101130751287,0.08538873380298664
0.510766793797054,0.08537451143658287
0.5111234745189793,0.08536040250314132
0.5114801552409046,0.0853464059363611
0.51183683596283,0.08533252067940232
0.5121935166847553,0.08531874568477882
0.5125501974066806,0.08530507991425067
0.5129068781286059,0.08529152233871705
0.5132635588505312,0.08527807193810871
0.5136202395724566,0.08526472770128085
0.5139769202943819,0.0852514886259057
0.5143336010163072,0.08523835371836522
0.5146902817382325,0.08522532199364388
0.5150469624601578,0.08521239247522139
0.5154036431820832,0.08519956419496534
0.5157603239040085,0.08518683619302408
0.5161170046259338,0.08517420751771934
0.5164736853478591,0.0851616772254391
0.5168303660697844,0.08514924438053029
0.5171870467917097,0.08513690805519161
0.5175437275136351,0.08512466785668281
0.5179004082355604,0.0851125224795435
0.5182570889574857,0.08510047100716861
0.518613769679411,0.08508851255381963
0.5189704504013363,0.08507664624168312
0.5193271311232617,0.08506487120077726
0.519683811845187,0.08505318656885848
0.5200404925671123,0.08504159149132799
0.5203971732890376,0.0850300851211385
0.5207538540109629,0.08501866661870063
0.5211105347328883,0.0850073351517897
0.5214672154548136,0.08499608989545228
0.5218238961767389,0.08498493003191278
0.5221805768986642,0.08497385475048015
0.5225372576205894,0.08496286324745449
0.5228939383425149,0.08495195472603366
0.5232506190644401,0.08494112839621999
0.5236072997863654,0.08493038347472698
0.5239639805082907,0.08491971918488576
0.524320661230216,0.08490913475655207
0.5246773419521414,0.08489862957160844
0.5250340226740667,0.08488820316809521
0.525390703395992,0.08487785446911154
0.5257473841179173,0.08486758274102697
0.5261040648398426,0.08485738725687023
0.526460745561768,0.08484726729624972
0.5268174262836933,0.08483722214527409
0.5271741070056186,0.08482725109647257
0.5275307877275439,0.08481735344871569
0.5278874684494692,0.08480752850713556
0.5282441491713946,0.08479777558304653
0.5286008298933199,0.08478809399386568
0.5289575106152452,0.08477848306303326
0.5293141913371705,0.08476894211993335
0.5296708720590958,0.08475947049981428
0.5300275527810212,0.08475006754370919
0.5303842335029465,0.08474073259835663
0.5307409142248718,0.08473146501612103
0.5310975949467971,0.08472226415491328
0.5314542756687224,0.08471312937811133
0.5318109563906477,0.08470406005448065
0.5321676371125731,0.08469505608252739
0.5325243178344984,0.08468611677542318
0.5328809985564237,0.08467724121764639
0.533237679278349,0.08466842880966192
0.5335943600002743,0.08465967895716912
0.5339510407221997,0.08465099107101774
0.534307721444125,0.08464236456712393
0.5346644021660503,0.08463379886638613
0.5350210828879756,0.08462529339460106
0.5353777636099009,0.08461684758237979
0.5357344443318263,0.08460846086506363
0.5360911250537516,0.08460013268264005
0.5364478057756769,0.08459186247965884
0.5368044864976022,0.08458364970514798
0.5371611672195274,0.08457549381252961
0.5375178479414529,0.08456739425953619
0.5378745286633781,0.08455935050812627
0.5382312093853034,0.0845513620244007
0.5385878901072287,0.08454342827851852
0.538944570829154,0.08453554874461304
0.5393012515510794,0.0845277229007078
0.5396579322730047,0.08451995022863264
0.54001461299493,0.0845122302139397
0.5403712937168553,0.08450456234581946
0.5407279744387806,0.08449694611701672
0.541084655160706,0.0844893810237467
0.5414413358826313,0.08448186656561109
0.5417980166045566,0.08447440224551399
0.5421546973264819,0.08446698756957807
0.5425113780484072,0.08445962204706055
0.5428680587703326,0.08445230519026925
0.5432247394922579,0.08444503742215796
0.5435814202141832,0.08443781941650563
0.5439381009361085,0.08443064903068802
0.5442947816580338,0.08442352581497166
0.5446514623799591,0.08441644932313902
0.5450081431018845,0.08440941911241497
0.5453648238238098,0.08440243474339301
0.5457215045457351,0.08439549577996172
0.5460781852676604,0.08438860178923113
0.5464348659895857,0.08438175234145899
0.5467915467115111,0.08437494700997729
0.5471482274334364,0.08436818537111847
0.5475049081553617,0.08436146700414192
0.547861588877287,0.08435479149116028
0.5482182695992123,0.08434815841706586
0.5485749503211377,0.08434156736945703
0.548931631043063,0.08433501793856456
0.5492883117649883,0.08432850971717801
0.5496449924869136,0.08432204230057222
0.5500016732088389,0.08431561528643353
0.5503583539307643,0.08430922827478633
0.5507150346526896,0.08430288086791937
0.5510717153746149,0.0842965726703122
0.5514283960965402,0.08429030328856155
0.5517850768184654,0.08428407233130769
0.5521417575403909,0.08427787940916098
0.5524984382623161,0.08427172413462812
0.5528551189842414,0.08426560612203861
0.5532117997061667,0.0842595249874712
0.553568480428092,0.08425348034868033
0.5539251611500174,0.08424747182502237
0.5542818418719427,0.08424149928673276
0.554638522593868,0.08423556629685076
0.5549952033157933,0.08422966888048533
0.5553518840377186,0.08422380670188824
0.555708564759644,0.0842179794279351
0.5560652454815693,0.08421218672807283
0.5564219262034946,0.08420642827426678
0.5567786069254199,0.08420070374094807
0.5571352876473452,0.08419501280496101
0.5574919683692706,0.0841893551455102
0.5578486490911959,0.08418373044410796
0.5582053298131212,0.08417813838452158
0.5585620105350465,0.0841725786527207
0.5589186912569718,0.08416705093682442
0.5592753719788971,0.08416155492704887
0.5596320527008225,0.08415609031565427
0.5599887334227478,0.08415065679689243
0.5603454141446731,0.08414525406695395
0.5607020948665984,0.08413988182391552
0.5610587755885237,0.08413453976768732
0.5614154563104491,0.08412922759996026
0.5617721370323744,0.08412394502415335
0.5621288177542997,0.08411869174536094
0.562485498476225,0.0841134674703001
0.5628421791981503,0.08410827190725799
0.5631988599200757,0.08410310476603902
0.563555540642001,0.08409796575791234
0.5639122213639263,0.08409285459555904
0.5642689020858516,0.08408777099301959
0.5646255828077769,0.08408271466564102
0.5649822635297023,0.08407768533002445
0.5653389442516276,0.0840726827039722
0.5656956249735529,0.08406770936636752
0.5660523056954782,0.08406276338864828
0.5664089864174034,0.08405784379759473
0.5667656671393289,0.08405295034879813
0.5671223478612542,0.08404808279996626
0.5674790285831794,0.08404324091088869
0.5678357093051047,0.08403842444340233
0.56819239002703,0.08403363316135665
0.5685490707489554,0.08402886683057917
0.5689057514708807,0.08402412521884067
0.569262432192806,0.08401940809582072
0.5696191129147313,0.08401471523307298
0.5699757936366566,0.08401004640399057
0.570332474358582,0.08400540138377142
0.5706891550805073,0.08400077994938375
0.5710458358024326,0.08399618187953134
0.5714025165243579,0.08399160695461895
0.5717591972462832,0.08398705495671767
0.5721158779682085,0.08398252566953032
0.5724725586901339,0.08397801887835689
0.5728292394120592,0.08397353437005978
0.5731859201339845,0.08396907193302933
0.5735426008559098,0.08396463135714907
0.5738992815778351,0.08396021243376121
0.5742559622997605,0.083955814955632
0.5746126430216858,0.08395143871691702
0.5749693237436111,0.08394708351312673
0.5753260044655364,0.08394274914109172
0.5756826851874617,0.08393843539892816
0.5760393659093871,0.08393414208600318
0.5763960466313124,0.08392986900290024
0.5767527273532377,0.0839256168837747
0.577109408075163,0.08392138567045633
0.5774660887970883,0.08391717435433113
0.5778227695190137,0.08391298275740103
0.578179450240939,0.0839088107033088
0.5785361309628643,0.08390465801731262
0.5788928116847896,0.08390052452626073
0.5792494924067149,0.0838964100585659
0.5796061731286403,0.08389231444418008
0.5799628538505656,0.08388823751456895
0.5803195345724909,0.08388417910268643
0.5806762152944162,0.08388013904294944
0.5810328960163414,0.0838761171712123
0.5813895767382669,0.08387211332474132
0.5817462574601922,0.08386812734218956
0.5821029381821174,0.08386415906357116
0.5824596189040427,0.08386020833023612
0.582816299625968,0.0838562749848448
0.5831729803478934,0.08385235887134244
0.5835296610698187,0.0838484598349339
0.583886341791744,0.0838445777220581
0.5842430225136693,0.08384071238036263
0.5845997032355946,0.08383686365867846
0.58495638395752,0.08383303140699432
0.5853130646794453,0.08382921547643146
0.5856697454013706,0.08382541571921813
0.5860264261232959,0.08382163198866424
0.5863831068452212,0.08381786413913588
0.5867397875671465,0.08381411202602995
0.5870964682890719,0.08381037550574875
0.5874531490109972,0.08380665443567453
0.5878098297329225,0.08380294887039103
0.5881665104548478,0.08379925916671406
0.5885231911767731,0.08379558460787091
0.5888798718986985,0.08379192506260535
0.5892365526206238,0.08378828040078765
0.5895932333425491,0.08378465049339345
0.5899499140644744,0.08378103521248252
0.5903065947863997,0.08377743443117763
0.5906632755083251,0.08377384802364332
0.5910199562302504,0.08377027586506468
0.5913766369521757,0.0837667178316263
0.591733317674101,0.08376317380049093
0.5920899983960263,0.08375964364977842
0.5924466791179517,0.08375612725854442
0.592803359839877,0.08375262450675934
0.5931600405618023,0.083749135275287
0.5935167212837276,0.08374565944586362
0.5938734020056529,0.0837421969010765
0.5942300827275783,0.08373874752434288
0.5945867634495036,0.08373531119988885
0.5949434441714289,0.083731887812728
0.5953001248933542,0.08372847724864041
0.5956568056152794,0.08372507939415132
0.5960134863372049,0.08372169413651011
0.5963701670591302,0.08371832136366894
0.5967268477810554,0.08371496096426174
0.5970835285029807,0.08371161282758294
0.597440209224906,0.0837082768435663
0.5977968899468314,0.08370495290276372
0.5981535706687567,0.08370164089632418
0.598510251390682,0.08369834071597237
0.5988669321126073,0.08369505225398767
0.5992236128345326,0.08369177627711064
0.5995802935564579,0.08368851195485986
0.5999369742783833,0.0836852591596166
0.6002936550003086,0.0836820177939653
0.6006503357222339,0.08367878776123001
0.6010070164441592,0.08367556896545769
0.6013636971660845,0.0836723613114014
0.6017203778880099,0.08366916470450358
0.6020770586099352,0.08366597905087933
0.6024337393318605,0.08366280425729969
0.6027904200537858,0.08365964023117488
0.6031471007757111,0.08365648688053755
0.6035037814976365,0.0836533441140261
0.6038604622195618,0.08365021184086792
0.6042171429414871,0.08364708997086262
0.6045738236634124,0.08364397841436536
0.6049305043853377,0.08364087708227004
0.6052871851072631,0.08363778588599267
0.6056438658291884,0.08363470473745456
0.6060005465511137,0.0836316335490656
0.606357227273039,0.08362857223370752
0.6067139079949643,0.08362552070471724
0.6070705887168897,0.08362247887587002
0.607427269438815,0.08361944666136277
0.6077839501607403,0.08361642397579742
0.6081406308826656,0.08361341073416402
0.6084973116045909,0.08361040685182412
0.6088539923265163,0.08360741224449401
0.6092106730484416,0.08360442682822802
0.6095673537703669,0.08360145051940177
0.6099240344922922,0.08359848323469538
0.6102807152142175,0.0835955256183682
0.6106373959361429,0.08359257730416744
0.6109940766580682,0.08358963791535014
0.6113507573799934,0.08358670737936812
0.6117074381019187,0.08358378562423668
0.612064118823844,0.0835808725785231
0.6124207995457694,0.0835779681713351
0.6127774802676947,0.08357507233230939
0.61313416098962,0.08357218499160027
0.6134908417115453,0.08356930607986802
0.6138475224334706,0.08356643552826755
0.6142042031553959,0.0835635732684368
0.6145608838773213,0.08356071923248538
0.6149175645992466,0.08355787335298301
0.6152742453211719,0.08355503556294805
0.6156309260430972,0.08355220579583605
0.6159876067650225,0.08354938398552832
0.6163442874869479,0.0835465700663203
0.6167009682088732,0.08354376397291023
0.6170576489307985,0.08354096564038764
0.6174143296527238,0.08353817500422185
0.6177710103746491,0.08353539200025047
0.6181276910965745,0.083532616564668
0.6184843718184998,0.08352984863401425
0.6188410525404251,0.08352708814516299
0.6191977332623504,0.08352433503531038
0.6195544139842757,0.08352158924196354
0.6199110947062011,0.083518850702929
0.6202677754281264,0.08351611935630136
0.6206244561500517,0.08351339514045171
0.620981136871977,0.08351067799401617
0.6213378175939023,0.08350796817920832
0.6216944983158277,0.08350526583649387
0.622051179037753,0.0835025704906858
0.6224078597596783,0.08349988208857928
0.6227645404816036,0.08349720057743265
0.6231212212035289,0.08349452590496
0.6234779019254543,0.08349185801932356
0.6238345826473796,0.08348919686912613
0.6241912633693049,0.08348654240340365
0.6245479440912302,0.08348389457161755
0.6249046248131555,0.08348125332364717
0.6252613055350809,0.08347861860978244
0.6256179862570062,0.08347599038071608
0.6259746669789314,0.08347336858753625
0.6263313477008567,0.08347075318171888
0.626688028422782,0.08346814411512021
0.6270447091447074,0.08346554133996922
0.6274013898666327,0.08346294480886012
0.627758070588558,0.08346035447474473
0.6281147513104833,0.08345777029092506
0.6284714320324086,0.08345519221104565
0.6288281127543339,0.08345262018908613
0.6291847934762593,0.08345005417935361
0.6295414741981846,0.0834474941364752
0.6298981549201099,0.08344494001539039
0.6302548356420352,0.08344239177134363
0.6306115163639605,0.08343984935987665
0.6309681970858859,0.08343731273682105
0.6313248778078112,0.08343478185829067
0.6316815585297365,0.08343225668067411
0.6320382392516618,0.08342973716062717
0.6323949199735871,0.08342722330640477
0.6327516006955125,0.08342471535664094
0.6331082814174378,0.08342221298667786
0.6334649621393631,0.0834197161575155
0.6338216428612884,0.08341722483050264
0.6341783235832137,0.08341473896733123
0.6345350043051391,0.08341225853003073
0.6348916850270644,0.08340978348096238
0.6352483657489897,0.08340731378281346
0.635605046470915,0.08340484939859175
0.6359617271928403,0.08340239029161958
0.6363184079147657,0.08339993642552847
0.636675088636691,0.08339748776425311
0.6370317693586163,0.0833950442720259
0.6373884500805416,0.08339260591337117
0.6377451308024669,0.08339017265309942
0.6381018115243923,0.08338774445630182
0.6384584922463176,0.08338532128834426
0.6388151729682429,0.08338290311486189
0.6391718536901682,0.08338048990175331
0.6395285344120935,0.08337808161517489
0.6398852151340189,0.08337567822153509
0.6402418958559442,0.08337327968748877
0.6405985765778694,0.08337088597993149
0.6409552572997947,0.08336849706599385
0.64131193802172,0.08336611291303571
0.6416686187436453,0.08336373348864064
0.6420252994655707,0.08336135876061007
0.642381980187496,0.08335898869695776
0.6427386609094213,0.08335662326590394
0.6430953416313466,0.0833542624358698
0.6434520223532719,0.08335190617547159
0.6438087030751973,0.0833495548252039
0.6441653837971226,0.0833472080822924
0.6445220645190479,0.0833448658656708
0.6448787452409732,0.08334252814687708
0.6452354259628985,0.0833401948976419
0.6455921066848239,0.08333786608988228
0.6459487874067492,0.08333554169569517
0.6463054681286745,0.08333322168735116
0.6466621488505998,0.08333090603728804
0.6470188295725251,0.08332859471810448
0.6473755102944505,0.08332628770255364
0.6477321910163758,0.08332398496353689
0.6480888717383011,0.0833216864740973
0.6484455524602264,0.08331939220741338
0.6488022331821517,0.08331710213679272
0.6491589139040771,0.08331481623566554
0.6495155946260024,0.08331253447757844
0.6498722753479277,0.08331025683618795
0.650228956069853,0.08330798328525417
0.6505856367917783,0.08330571379863451
0.6509423175137037,0.08330344835027716
0.651298998235629,0.08330118691421484
0.6516556789575543,0.08329892946455845
0.6520123596794796,0.08329667597549067
0.6523690404014049,0.08329442642125953
0.6527257211233303,0.08329218077617219
0.6530824018452556,0.08328993901458842
0.6534390825671809,0.08328770111091437
0.6537957632891062,0.08328546703959616
0.6541524440110315,0.0832832367751135
0.6545091247329569,0.08328101029197328
0.6548658054548822,0.0832787875647034
0.6552224861768075,0.08327656856784613
0.6555791668987327,0.083274353275952
0.655935847620658,0.08327214166357326
0.6562925283425833,0.08326993370525762
0.6566492090645087,0.08326772937554186
0.657005889786434,0.08326552864894543
0.6573625705083593,0.08326333149996415
0.6577192512302846,0.08326113790306383
0.6580759319522099,0.08325894783267386
0.6584326126741353,0.08325676126318089
0.6587892933960606,0.08325457816892252
0.6591459741179859,0.08325239852418084
0.6595026548399112,0.0832502223031761
0.6598593355618365,0.08324804948006037
0.6602160162837619,0.08324588002891117
0.6605726970056872,0.08324371392372515
0.6609293777276125,0.08324155113841161
0.6612860584495378,0.08323939164678627
0.6616427391714631,0.08323723542256485
0.6619994198933885,0.08323508243935668
0.6623561006153138,0.08323293458515381
0.6627127813372391,0.08323079037785681
0.6630694620591644,0.08322864952317174
0.6634261427810897,0.08322651200192044
0.6637828235030151,0.08322437779493869
0.6641395042249404,0.083222246883071
0.6644961849468657,0.08322011924716509
0.664852865668791,0.08321799486806636
0.6652095463907163,0.08321587372661265
0.6655662271126417,0.08321375580362872
0.665922907834567,0.0832116410799208
0.6662795885564923,0.0832095295362712
0.6666362692784176,0.08320742115343292
0.6669929500003429,0.0832053159121242
0.6673496307222683,0.08320321379302305
0.6677063114441936,0.08320111477676188
0.6680629921661189,0.0831990188439221
0.6684196728880442,0.08319692597502863
0.6687763536099695,0.0831948361505445
0.6691330343318947,0.08319274935086546
0.6694897150538202,0.0831906655563145
0.6698463957757455,0.0831885847471365
0.6702030764976707,0.08318650690349272
0.670559757219596,0.08318443200545546
0.6709164379415213,0.08318236003300256
0.6712731186634467,0.08318029096601205
0.671629799385372,0.0831782247842567
0.6719864801072973,0.08317616146739856
0.6723431608292226,0.08317410099498358
0.6726998415511479,0.08317204334643616
0.6730565222730733,0.0831699885010538
0.6734132029949986,0.08316793643800156
0.6737698837169239,0.08316588713630674
0.6741265644388492,0.08316384057485339
0.6744832451607745,0.08316179673237689
0.6748399258826999,0.08315975558745864
0.6751966066046252,0.08315771711852045
0.6755532873265505,0.08315568130381927
0.6759099680484758,0.08315364812144173
0.6762666487704011,0.08315161754929866
0.6766233294923265,0.08314958956511974
0.6769800102142518,0.08314756414644806
0.6773366909361771,0.08314554127063464
0.6776933716581024,0.08314352091483312
0.6780500523800277,0.08314150305599424
0.6784067331019531,0.08313948767086045
0.6787634138238784,0.08313747473596049
0.6791200945458037,0.08313546422760401
0.679476775267729,0.08313345612187607
0.6798334559896543,0.08313145039463177
0.6801901367115797,0.08312944702149082
0.680546817433505,0.0831274459778321
0.6809034981554303,0.08312545050744072
0.6812601788773556,0.08312345809199741
0.6816168595992809,0.08312146824559302
0.6819735403212063,0.08311948095504448
0.6823302210431316,0.08311749620716571
0.6826869017650569,0.08311551398876452
0.6830435824869822,0.08311353428663959
0.6834002632089075,0.08311155708757743
0.6837569439308328,0.08310958237834941
0.6841136246527582,0.08310761014570857
0.6844703053746835,0.08310564037638675
0.6848269860966087,0.08310367305709146
0.685183666818534,0.08310170817450284
0.6855403475404593,0.08309974571527068
0.6858970282623847,0.0830977856660113
0.68625370898431,0.08309582801330459
0.6866103897062353,0.08309387274369093
0.6869670704281606,0.08309191984366815
0.6873237511500859,0.08308996929968855
0.6876804318720113,0.08308802109815579
0.6880371125939366,0.08308607522542187
0.6883937933158619,0.08308413166778413
0.6887504740377872,0.08308219041148215
0.6891071547597125,0.08308025144269479
0.6894638354816379,0.08307831474753712
0.6898205162035632,0.08307638031205733
0.6901771969254885,0.08307444812223375
0.6905338776474138,0.08307251816397185
0.6908905583693391,0.08307059042310111
0.6912472390912645,0.08306866488537204
0.6916039198131898,0.08306674153645315
0.6919606005351151,0.08306482036192785
0.6923172812570404,0.08306290134729147
0.6926739619789657,0.08306098447794827
0.6930306427008911,0.08305906973920829
0.6933873234228164,0.08305715711628436
0.6937440041447417,0.0830552465942891
0.694100684866667,0.08305333815823185
0.6944573655885923,0.0830514317930156
0.6948140463105177,0.0830495274834341
0.695170727032443,0.08304762521416854
0.6955274077543683,0.08304572496978484
0.6958840884762936,0.08304382673473042
0.6962407691982189,0.08304193049333115
0.6965974499201442,0.08304003622978846
0.6969541306420696,0.08303814392817614
0.6973108113639949,0.0830362535724374
0.6976674920859202,0.08303436514638182
0.6980241728078455,0.0830324786336823
0.6983808535297708,0.08303059401787201
0.6987375342516962,0.08302871128234139
0.6990942149736215,0.0830268304103351
0.6994508956955467,0.08302495392605734
0.699807576417472,0.0830230798751942
0.7001642571393973,0.08302120788057063
0.7005209378613227,0.08301933793444273
0.700877618583248,0.08301747002911207
0.7012342993051733,0.08301560415692462
0.7015909800270986,0.08301374031026958
0.7019476607490239,0.08301187848157837
0.7023043414709493,0.08301001866332341
0.7026610221928746,0.08300816084801718
0.7030177029147999,0.08300630502821092
0.7033743836367252,0.08300445119649368
0.7037310643586505,0.08300259934549109
0.7040877450805759,0.08300074946786438
0.7044444258025012,0.08299890155630918
0.7048011065244265,0.08299705560355446
0.7051577872463518,0.0829952116023614
0.7055144679682771,0.08299336954552232
0.7058711486902025,0.08299152942585952
0.7062278294121278,0.08298969123622425
0.7065845101340531,0.08298785496949553
0.7069411908559784,0.08298602061857906
0.7072978715779037,0.08298418817640618
0.7076545522998291,0.08298235763593269
0.7080112330217544,0.08298052899013779
0.7083679137436797,0.08297870223202292
0.708724594465605,0.0829768773546107
0.7090812751875303,0.08297505435094388
0.7094379559094557,0.08297323321408408
0.709794636631381,0.08297141393711083
0.7101513173533063,0.08296959651312039
0.7105079980752316,0.08296778093522468
0.7108646787971569,0.08296596719655017
0.7112213595190822,0.08296415529023674
0.7115780402410076,0.08296234520943664
0.7119347209629329,0.08296053694731328
0.7122914016848582,0.08295873049704029
0.7126480824067835,0.08295692585180023
0.7130047631287088,0.08295512300478358
0.7133614438506342,0.08295332194918771
